TransID,TransTime,TransAmount,BusinessShortCode,Location,County,OrgAccountBalance,MSISDN,KYCFirstName,KYCMiddleName,KYCLastName
R4S6FWTLH9,2.02303E+13,82947.8,2345678,Langata,Nairobi,46539.42,2.54123E+11,ZYTWP,NMD,KWEY
RS7LFQ4KDK,2.02302E+13,12601.02,5678901,Githurai 45,Nairobi,83629.96,2.54123E+11,UIETB,RSR,MVUH
R0EDH7PXDM,2.0231E+13,49798.49,2345678,Langata,Nairobi,33106.06,2.54123E+11,RFONN,PEG,RRJC
RNT8OF8TKC,2.02308E+13,92137.14,1234567,Kilimani,Nairobi,5119.65,2.54123E+11,PHFPT,MHJ,KYMD
R85JJK9S6Y,2.02308E+13,57901.33,9012345,Kasarani,Nairobi,79104.33,2.54123E+11,XNJTT,YAW,QCHZ
RVFHS6Z6RO,2.02301E+13,1398.97,3456789,Roysambu,Nairobi,3295.5,2.54123E+11,BQSZS,URL,GTMC
R0F341DM9M,2.02308E+13,89982.23,8901234,Ruiru,Kiambu,99566.75,2.54123E+11,DMEHA,FOR,WXRM
R5F6CALE07,2.02303E+13,67177.71,5678901,Githurai 45,Nairobi,76718.21,2.54123E+11,YQWFR,MXF,RPEN
R8P6FX00H0,2.02302E+13,71236.1,4567890,Juja,Kiambu,97815.76,2.54123E+11,KJBLM,FON,JFFZ
RKG24IRXAM,2.02305E+13,59362.28,8901234,Ruiru,Kiambu,24529.74,2.54123E+11,WJFXR,BFT,YTOJ
R85DU2CFEA,2.02302E+13,77083.52,2345678,Langata,Nairobi,88908.89,2.54123E+11,GDQHL,UMQ,HLTE
RO6B4M1Q2J,2.02305E+13,71266.8,9012345,Kasarani,Nairobi,89904.7,2.54123E+11,CALMK,FJD,IMOT
RBQYWTQ1C6,2.02312E+13,14938.46,9012345,Kasarani,Nairobi,3109.33,2.54123E+11,PHZUS,NZT,HBGY
R30MPSUBPF,2.02302E+13,55894.31,1234567,Kilimani,Nairobi,55732.12,2.54123E+11,BIIUV,MSW,YTQV
RQHN9RIXPD,2.02305E+13,36504.09,123456,Westlands,Nairobi,10405.87,2.54123E+11,LWFMC,UXK,NOUR
RBHMISULER,2.02308E+13,45317.65,8901234,Ruiru,Kiambu,694.87,2.54123E+11,AARPJ,OEL,CDMP
RAPXC61QNV,2.02307E+13,99309.77,9012345,Kasarani,Nairobi,64405.42,2.54123E+11,WMUEW,TRI,DSBJ
RTZPFMWUC4,2.02304E+13,9004.98,8901234,Ruiru,Kiambu,76700.59,2.54123E+11,ZRZGU,RSX,BLKU
RSDLZ4PCDW,2.02311E+13,75402.17,9012345,Kasarani,Nairobi,75673.24,2.54123E+11,FHBAG,RAG,EAAY
RGPWKNO691,2.02302E+13,46446.41,6789012,Thika,Kiambu,47513.17,2.54123E+11,ELWPM,GTO,RZLM
RIBR939PQ0,2.0231E+13,18379.02,4567890,Juja,Kiambu,43220.86,2.54123E+11,FEZRZ,KXF,SALK
RQJXOF45Z9,2.02305E+13,56071.49,1234567,Kilimani,Nairobi,25066.85,2.54123E+11,DCEMV,GBX,UIOS
RJTQHVBDFU,2.02309E+13,19034.24,7890123,Garden City,Nairobi,68106.91,2.54123E+11,FZJSV,ZLT,ANQR
RVLVLXEUED,2.02302E+13,15604.25,5678901,Githurai 45,Nairobi,43839.59,2.54123E+11,UGJHY,POY,AWPY
R5DHA19KQA,2.02311E+13,49145.04,1234567,Kilimani,Nairobi,50667.63,2.54123E+11,YLGYK,OTT,MSIM
RCGY7DCPTM,2.02306E+13,46004.69,4567890,Juja,Kiambu,10086.97,2.54123E+11,SPFZW,YIN,XZVV
R0CCA0I0ZN,2.02308E+13,81779.94,1234567,Kilimani,Nairobi,86825.3,2.54123E+11,ZMFVD,KOC,UHGH
R1QXCUQWOI,2.02303E+13,76575.34,6789012,Thika,Kiambu,79315.76,2.54123E+11,QJFHR,YWV,UGHE
RJZE6HR0JU,2.02312E+13,86466.8,9012345,Kasarani,Nairobi,305.43,2.54123E+11,GBLCY,TDX,EKHA
RYQQNSFO65,2.02302E+13,40100.22,3456789,Roysambu,Nairobi,61559.21,2.54123E+11,QFYNV,EJO,UTEB
RHA1717F29,2.0231E+13,2200.58,6789012,Thika,Kiambu,2071.09,2.54123E+11,TUFCW,ZIE,IHXG
RKXZOWY5IE,2.02308E+13,19538.09,8901234,Ruiru,Kiambu,39362.88,2.54123E+11,CTTGA,XWS,YRTW
R08D5X5FMM,2.02302E+13,21728.61,123456,Westlands,Nairobi,1317.25,2.54123E+11,QXQVB,RGZ,ERIP
R5QPNXRJ8I,2.02302E+13,94287.24,2345678,Langata,Nairobi,19971.78,2.54123E+11,UPAGK,KJH,JKCK
R4WX92B0Z3,2.02303E+13,63901.58,7890123,Garden City,Nairobi,2124.27,2.54123E+11,NYAUC,HID,RZIT
R981QGRBNI,2.02303E+13,41535.77,2345678,Langata,Nairobi,11952.04,2.54123E+11,DKKGV,VTM,FRDA
RMSUZZ5V77,2.02302E+13,88603.64,9012345,Kasarani,Nairobi,28752.66,2.54123E+11,UNOVY,UCP,SART
RNMK2AY34H,2.02304E+13,9459.29,1234567,Kilimani,Nairobi,1611.24,2.54123E+11,MHNBL,GTN,VCWA
RAS8D805S5,2.02304E+13,25405.89,1234567,Kilimani,Nairobi,93043.49,2.54123E+11,DFHFF,GPW,BYQS
RF63OASZVS,2.02305E+13,44755.03,5678901,Githurai 45,Nairobi,86793.01,2.54123E+11,HQZOS,CAH,DWPT
R6S4HG7LO0,2.02312E+13,38185.68,7890123,Garden City,Nairobi,57168.07,2.54123E+11,REMTZ,AGN,AVGS
RE81W1TPM4,2.02312E+13,45829.36,9012345,Kasarani,Nairobi,24912.63,2.54123E+11,GXPCD,LCB,SAWI
RT6JE4EKNT,2.02312E+13,71314.84,2345678,Langata,Nairobi,13959.43,2.54123E+11,RECMK,NYY,KFYL
R8IBBD053A,2.02303E+13,25266.9,123456,Westlands,Nairobi,97688.55,2.54123E+11,VGHKX,OVE,CUIB
RLWFE93NON,2.02312E+13,56200.66,6789012,Thika,Kiambu,1130.65,2.54123E+11,XPQBH,LCZ,UHMI
R4L8IC7TOD,2.02303E+13,21544.84,4567890,Juja,Kiambu,96890.34,2.54123E+11,DBLBA,JUD,MLEN
RYER2J9XMC,2.02312E+13,76288.95,6789012,Thika,Kiambu,90273.3,2.54123E+11,IYFKD,NBF,LSAV
R570996SHB,2.02304E+13,61691.07,1234567,Kilimani,Nairobi,49735.85,2.54123E+11,SZLLU,YNK,XPRN
RN6I7Y3O9V,2.02311E+13,94500.27,4567890,Juja,Kiambu,98149.08,2.54123E+11,NZCYL,BJC,XVQI
RCEYS6C8C4,2.02311E+13,95938.25,9012345,Kasarani,Nairobi,90147.61,2.54123E+11,WKOYD,PTQ,COFM
R7SHIJ4VBL,2.02312E+13,41328.74,1234567,Kilimani,Nairobi,94814.65,2.54123E+11,ZNBZE,JVQ,CLLE
RTONUMKBAD,2.02305E+13,33445.49,3456789,Roysambu,Nairobi,61003.9,2.54123E+11,NPEYI,QPF,SZMJ
RPSALBPIZC,2.02301E+13,1800.03,4567890,Juja,Kiambu,28769.84,2.54123E+11,BUGTP,NPC,XQAF
R0LPENGCJF,2.02309E+13,25383.13,3456789,Roysambu,Nairobi,20645.02,2.54123E+11,GGIED,EQK,KDJL
R632PHX91E,2.02304E+13,3024.74,9012345,Kasarani,Nairobi,48053.3,2.54123E+11,UTLIX,UKA,KDUF
RGDTVBMLWP,2.02307E+13,16605.49,9012345,Kasarani,Nairobi,22706.91,2.54123E+11,RXQMN,OWU,LHEE
RDCZTQTSXV,2.02307E+13,38213.48,1234567,Kilimani,Nairobi,60668.55,2.54123E+11,SVFQY,PGN,TZZK
R2PZ8FUBJC,2.02302E+13,96909.02,2345678,Langata,Nairobi,83512.2,2.54123E+11,ONUUB,SCH,AUGF
RTSZV1M0MP,2.02305E+13,17234.22,5678901,Githurai 45,Nairobi,34169.57,2.54123E+11,QBNVP,KQQ,FPVU
RVMHUQ59WL,2.02309E+13,95154.37,6789012,Thika,Kiambu,44398.25,2.54123E+11,UGGUH,IWT,RAZF
RADHLAOBFB,2.02311E+13,76376.99,9012345,Kasarani,Nairobi,11702.64,2.54123E+11,SJLIL,ZMH,SWAY
RBPCJZMIJU,2.02305E+13,30107.43,5678901,Githurai 45,Nairobi,72573.94,2.54123E+11,MSHXM,KZG,LKUZ
RHT0Q3Z9JA,2.02311E+13,58582.13,2345678,Langata,Nairobi,57539.35,2.54123E+11,MHCSR,MEW,FNMF
RZIZGAO510,2.02312E+13,74881.91,1234567,Kilimani,Nairobi,22167.59,2.54123E+11,EGELC,UIC,UYJF
R8XVDGA150,2.02312E+13,8967.92,123456,Westlands,Nairobi,94488.9,2.54123E+11,JSPMF,PGX,VCWS
R2QI9VAL3O,2.02302E+13,34437.08,6789012,Thika,Kiambu,72784.96,2.54123E+11,GUVFP,CFY,VZFU
R3ULEPFPU5,2.0231E+13,239.02,123456,Westlands,Nairobi,95113.83,2.54123E+11,WXYYW,HSP,RMEK
R351YYDKNV,2.02307E+13,92064.76,3456789,Roysambu,Nairobi,4823.38,2.54123E+11,FARDA,LTO,EPLP
RP5RWGEQA6,2.02304E+13,20043.82,1234567,Kilimani,Nairobi,89718.1,2.54123E+11,FPVWP,WPI,TFNG
RYIJZZPYC1,2.02312E+13,22112.3,6789012,Thika,Kiambu,94439.31,2.54123E+11,AYUSN,PKM,YVNO
R0FQKJ9FDQ,2.02302E+13,6314.81,3456789,Roysambu,Nairobi,59760.82,2.54123E+11,OZHYJ,IMC,LUAG
R0LW34J59M,2.0231E+13,62987.7,2345678,Langata,Nairobi,67338.34,2.54123E+11,TLSDW,XSG,KYWC
RAUPQB8G6S,2.02302E+13,15304.59,2345678,Langata,Nairobi,21399.89,2.54123E+11,ZTEDF,ZZY,SXTQ
RKWVPRM7OO,2.02308E+13,5545.94,2345678,Langata,Nairobi,23564.77,2.54123E+11,SFUCO,QKP,HRGF
R45W82P1AD,2.0231E+13,70564.33,9012345,Kasarani,Nairobi,44142.58,2.54123E+11,HVKYJ,ERQ,EWXA
RVG5NT9Z0D,2.02306E+13,17909.32,1234567,Kilimani,Nairobi,70866.51,2.54123E+11,AWVGI,RTW,ZTWH
RASQ25J9SQ,2.02312E+13,6946.41,6789012,Thika,Kiambu,23710.45,2.54123E+11,MGJRH,COQ,WNKM
R5NC6KBDGH,2.0231E+13,61479.27,5678901,Githurai 45,Nairobi,68870.28,2.54123E+11,GEFTE,VFI,DTQN
R1095WI9E6,2.02308E+13,86216.97,1234567,Kilimani,Nairobi,27925.95,2.54123E+11,PIJFC,BNS,ADMH
RJ6T9BGHGH,2.02308E+13,54576.99,6789012,Thika,Kiambu,89238.47,2.54123E+11,JXXSV,KEW,FNSC
RE56A423DO,2.02306E+13,45057.13,6789012,Thika,Kiambu,64186.64,2.54123E+11,JOLJK,POE,SKYF
RIEN9OFQV2,2.02311E+13,86524.53,3456789,Roysambu,Nairobi,5851.91,2.54123E+11,UKNTC,GGY,HBFQ
ROXAHXZ59L,2.02302E+13,16831.47,4567890,Juja,Kiambu,81188.78,2.54123E+11,YNTIK,EIN,OXCB
R009UW40VD,2.02306E+13,81171.32,1234567,Kilimani,Nairobi,39066.52,2.54123E+11,BHTAE,RWZ,UBWN
RR9ZO838XX,2.02306E+13,9784.5,8901234,Ruiru,Kiambu,3913.61,2.54123E+11,NRMXG,XXG,KEHF
ROGYJT6YS8,2.02308E+13,7441.63,1234567,Kilimani,Nairobi,72042.78,2.54123E+11,WPTTK,XAQ,DWFM
RGTINH0R4Y,2.02306E+13,84046.33,3456789,Roysambu,Nairobi,55963.36,2.54123E+11,BKYEX,XHQ,GWJY
ROZ2R1MJJ6,2.02309E+13,14985.22,5678901,Githurai 45,Nairobi,92286.05,2.54123E+11,ICTYL,BWA,MJAI
RVLC69BANS,2.02303E+13,36439.1,5678901,Githurai 45,Nairobi,28106.4,2.54123E+11,DQKBA,VLY,QMYA
R8S1T3Y1WH,2.02301E+13,29299.66,8901234,Ruiru,Kiambu,53194.46,2.54123E+11,RDKGH,HCV,FQSC
RH1N6NMJNA,2.02304E+13,7030.69,123456,Westlands,Nairobi,30524.64,2.54123E+11,IMLKB,HWO,KLIE
REHGP8EDN7,2.02301E+13,51698.67,2345678,Langata,Nairobi,85371.54,2.54123E+11,LJPNP,WTD,CIZE
RQ4WL9R3QD,2.02306E+13,18650.53,1234567,Kilimani,Nairobi,2352.61,2.54123E+11,MMBBV,KCN,KLLZ
RISW2QF3BX,2.02304E+13,20549.15,2345678,Langata,Nairobi,89143.78,2.54123E+11,FEZCY,MEY,LZJT
RFX3NJEN3Y,2.02304E+13,91401.27,2345678,Langata,Nairobi,78682.44,2.54123E+11,NEXPJ,LHR,GVAM
RPQI0XW0HW,2.02309E+13,8683.77,7890123,Garden City,Nairobi,92096.82,2.54123E+11,HJQFM,QXG,YWLQ
RS9SSPFZ3U,2.02305E+13,26618.42,6789012,Thika,Kiambu,1595.36,2.54123E+11,YGINY,NLZ,UCJV
RRJIWPISSX,2.02305E+13,60626.54,2345678,Langata,Nairobi,24073.17,2.54123E+11,FJBUF,UKX,BHTA
RL0N07V5D1,2.02306E+13,36732.43,123456,Westlands,Nairobi,42494.16,2.54123E+11,HHHQA,ESM,YPPX
R2NGGMWTZK,2.02304E+13,99045.4,9012345,Kasarani,Nairobi,15639.86,2.54123E+11,LISYV,NUU,IHKE
RSM4WXYFUF,2.02301E+13,44830.34,3456789,Roysambu,Nairobi,62201.01,2.54123E+11,NQHIL,HTX,BSCR
RZS8N7XGFZ,2.02306E+13,94579.04,8901234,Ruiru,Kiambu,24234.52,2.54123E+11,WWGYZ,RAN,JOVQ
RVA796FTEL,2.02302E+13,3763.77,2345678,Langata,Nairobi,12826.79,2.54123E+11,AIQEJ,LCD,VDXF
RKP9MZV1I0,2.02302E+13,6867.86,6789012,Thika,Kiambu,55478.3,2.54123E+11,CCFID,QQX,MFZN
R4HVQ57TK2,2.02309E+13,68271.88,123456,Westlands,Nairobi,31349.32,2.54123E+11,BLGBC,LWS,NCJF
RLIRX247WK,2.02306E+13,9842.28,3456789,Roysambu,Nairobi,51354.67,2.54123E+11,NBMIG,DRY,YMJU
RJNJTECNUY,2.02307E+13,57001.25,2345678,Langata,Nairobi,20956.2,2.54123E+11,MGKWG,ZEW,UQIA
RJRTIVMR5H,2.02304E+13,35392.96,5678901,Githurai 45,Nairobi,28948.56,2.54123E+11,OODGS,PLO,RRYK
RJZ8Q3IKRV,2.02309E+13,23824.37,123456,Westlands,Nairobi,99261.57,2.54123E+11,KYRXG,MRM,OJPD
RZWSTJB7OC,2.02303E+13,20989.87,5678901,Githurai 45,Nairobi,77006.76,2.54123E+11,KONYR,GCU,QTUI
RYTG4QW6YJ,2.02308E+13,84022.73,123456,Westlands,Nairobi,67034.06,2.54123E+11,VIYBW,EXM,UUDG
RF2HO8VS5C,2.02309E+13,60690.79,4567890,Juja,Kiambu,60137.62,2.54123E+11,GYEFS,XBP,IMYH
RFIAK69RZ2,2.02303E+13,77859.63,4567890,Juja,Kiambu,48498.58,2.54123E+11,GINYP,QAU,EZXD
RM0DE7HLSP,2.02305E+13,91674.62,1234567,Kilimani,Nairobi,12800.98,2.54123E+11,YWPZP,DRP,YAOR
RLE0XSEPBF,2.0231E+13,10014.93,1234567,Kilimani,Nairobi,7636.89,2.54123E+11,ISUQE,MDL,MWZE
RVYSDLSK30,2.02308E+13,27243.95,8901234,Ruiru,Kiambu,86597.08,2.54123E+11,DIDVK,GCO,QWPV
RUMUYJDXHW,2.0231E+13,47398.86,7890123,Garden City,Nairobi,82127.22,2.54123E+11,NRICM,CCD,OUYB
RHKOJDK00K,2.02301E+13,20000.59,7890123,Garden City,Nairobi,40004.34,2.54123E+11,QEWRI,DMM,XTJK
RT0LWFH3E9,2.02312E+13,86654.53,7890123,Garden City,Nairobi,83764.23,2.54123E+11,KRMHW,FBT,CJNT
RTBWFB3A1C,2.02301E+13,13044.63,7890123,Garden City,Nairobi,40267.62,2.54123E+11,GHZZG,VEM,RQET
RFVC0UKWVR,2.02302E+13,37272.19,4567890,Juja,Kiambu,36255.5,2.54123E+11,FJWZO,LIW,LEUD
RIQRTWWD7B,2.02307E+13,58525.44,1234567,Kilimani,Nairobi,19266.62,2.54123E+11,JHYYB,VOI,ZODV
R1CZ6Z45AX,2.02309E+13,43914.71,6789012,Thika,Kiambu,68772.3,2.54123E+11,WXNEB,HWM,KHNC
R9GGENSSIR,2.02307E+13,39278.14,2345678,Langata,Nairobi,82293.37,2.54123E+11,GMAZQ,RGB,XGVV
R0JXN3S24K,2.02311E+13,30374.31,7890123,Garden City,Nairobi,27080.74,2.54123E+11,JOEKM,CGM,EYCQ
RB3PP01FJ5,2.02311E+13,16805.62,3456789,Roysambu,Nairobi,44456.51,2.54123E+11,ZOMMZ,GVY,ERWO
R6WIT83UD5,2.02311E+13,41780.38,123456,Westlands,Nairobi,78966.29,2.54123E+11,MRXWW,JFZ,TZBS
RM7VDZ9OGY,2.02304E+13,95339.52,4567890,Juja,Kiambu,84042.24,2.54123E+11,RWUSI,RBJ,LEJM
R2O1F9QJO9,2.02304E+13,47197.84,8901234,Ruiru,Kiambu,71208.25,2.54123E+11,UUBTE,WCY,QXCO
RW3DPXF4WF,2.02308E+13,97723.69,4567890,Juja,Kiambu,31506.96,2.54123E+11,VSPJJ,TAG,YXVP
RL46FY6YQY,2.0231E+13,45728.78,3456789,Roysambu,Nairobi,27279.91,2.54123E+11,ATJMX,VWM,LXZA
R09R2P2UQ7,2.02302E+13,80570.9,2345678,Langata,Nairobi,31980.97,2.54123E+11,EZPJZ,DCI,YKQK
RRWUKCKOI4,2.02302E+13,72588.34,123456,Westlands,Nairobi,20682.38,2.54123E+11,LGTFM,NZH,XTWZ
ROUDQWCA2U,2.02303E+13,10102.8,3456789,Roysambu,Nairobi,49639.09,2.54123E+11,IRPCI,HRV,NLPJ
RX1LY5LF68,2.02306E+13,5180.5,8901234,Ruiru,Kiambu,57720.59,2.54123E+11,ONIDI,WAC,PXUB
RI3OFDZBKS,2.02302E+13,778.22,5678901,Githurai 45,Nairobi,78333.19,2.54123E+11,MSYRJ,FTX,BHYW
RK84RDHIMC,2.02312E+13,48919.44,3456789,Roysambu,Nairobi,7685.91,2.54123E+11,WBAWG,TUL,NIWM
RZAG1UDM9W,2.02302E+13,46480.65,7890123,Garden City,Nairobi,23568.9,2.54123E+11,RUHKF,LTQ,LYOH
RWX5CWWMXA,2.02302E+13,57267.48,8901234,Ruiru,Kiambu,29385.55,2.54123E+11,VLVWC,RFB,RBBE
RSJ02SCK2F,2.02309E+13,83968.86,7890123,Garden City,Nairobi,99656.68,2.54123E+11,AKFMR,KCO,ITTG
RECU54EQHJ,2.02309E+13,82456.7,1234567,Kilimani,Nairobi,80606.52,2.54123E+11,KASGM,RGK,RSOV
R7I0ALP3QF,2.02309E+13,38994.34,123456,Westlands,Nairobi,93143.39,2.54123E+11,PFBOG,JCN,JAWC
RT6ETG7N18,2.02307E+13,581.63,7890123,Garden City,Nairobi,74829.35,2.54123E+11,WGXHQ,JWJ,NRTN
RNVPHBI0O7,2.02308E+13,59921.85,9012345,Kasarani,Nairobi,25926.57,2.54123E+11,IAWHS,GXD,ORQI
RUC0XATJCZ,2.02301E+13,71376.21,2345678,Langata,Nairobi,49587.93,2.54123E+11,KTCOD,HIZ,ZEGE
RXVOC6NG7L,2.02306E+13,91247.76,8901234,Ruiru,Kiambu,79325.87,2.54123E+11,CRNWU,CRL,KTAU
R8F6D7OJ4Y,2.02305E+13,49362.21,2345678,Langata,Nairobi,29417.06,2.54123E+11,VWDWC,WND,BHWV
RSAGRLXM51,2.02311E+13,25304.84,123456,Westlands,Nairobi,9186,2.54123E+11,LDQYE,TBU,ZKSA
RMA7O1S4SV,2.02304E+13,6092.08,123456,Westlands,Nairobi,9104.94,2.54123E+11,ZLTQP,HDH,PJVH
RBWI4FIR9S,2.02305E+13,98390.15,4567890,Juja,Kiambu,43721.9,2.54123E+11,RSIUI,LNV,YFOM
RBH33T68EJ,2.02311E+13,13642.79,3456789,Roysambu,Nairobi,29007.16,2.54123E+11,DLSBD,PKN,OSYT
R80IG9QQ2N,2.02308E+13,98874.87,1234567,Kilimani,Nairobi,98173.43,2.54123E+11,XXLUR,PML,TRMP
RRRAZ6Q0TN,2.02306E+13,53287.7,123456,Westlands,Nairobi,13635.68,2.54123E+11,NORFL,ZPF,HHJW
RR1LAE3OMM,2.0231E+13,973.56,4567890,Juja,Kiambu,51999.94,2.54123E+11,SQNGA,RIZ,FFPV
R8N6TL4TJM,2.02301E+13,48527.3,5678901,Githurai 45,Nairobi,30573.61,2.54123E+11,AXRTL,DBM,QXUS
R3IJ1QLG5Q,2.0231E+13,65929.85,7890123,Garden City,Nairobi,64734.2,2.54123E+11,OIHIA,IFN,GXGJ
RKJG5QUGG5,2.02304E+13,45730.45,6789012,Thika,Kiambu,51431.72,2.54123E+11,ZKWFK,PZU,WADL
ROTB4IUY2W,2.02303E+13,77488.77,6789012,Thika,Kiambu,42687.69,2.54123E+11,ISAYG,EAV,UNIG
R0TA5TGFZV,2.0231E+13,3080.49,3456789,Roysambu,Nairobi,8499.31,2.54123E+11,GRWXG,PJB,CFKV
RRS6L1E0U8,2.02301E+13,59412.76,7890123,Garden City,Nairobi,36950.98,2.54123E+11,VQQAV,YPC,JIHT
R9ET8I4FKS,2.02301E+13,92939.25,123456,Westlands,Nairobi,70551.28,2.54123E+11,BARKH,JFB,KFFD
RRT2XAYD88,2.02309E+13,78579.55,6789012,Thika,Kiambu,85351.22,2.54123E+11,WGVCE,DIB,IOAJ
RM08XUYU0M,2.02312E+13,42130.53,7890123,Garden City,Nairobi,2663.34,2.54123E+11,WDBDF,VQJ,YAFP
RO5K9TWXBH,2.02309E+13,31696.79,5678901,Githurai 45,Nairobi,83337.19,2.54123E+11,NJFIC,OWM,KTVO
RT604ER5EZ,2.0231E+13,73441.78,7890123,Garden City,Nairobi,40969.05,2.54123E+11,PVORN,UUQ,LRUU
RFYJD625V7,2.02309E+13,33248.98,1234567,Kilimani,Nairobi,66355.33,2.54123E+11,SMCRC,JAC,IXAR
RCQGSD4IMI,2.02311E+13,95384.2,1234567,Kilimani,Nairobi,9469.17,2.54123E+11,LBDAH,XCU,IVUI
R9IZTY428K,2.02311E+13,85643.79,8901234,Ruiru,Kiambu,1146.16,2.54123E+11,ALXBH,XOB,WWYP
RMW1NRE5C4,2.02303E+13,28320.29,123456,Westlands,Nairobi,35796.95,2.54123E+11,TGYKT,BMT,WDLH
RB46ZI9D9Q,2.02311E+13,89396.44,3456789,Roysambu,Nairobi,41391.65,2.54123E+11,MFHNQ,QSS,QMNV
RCLC35Y5C7,2.02304E+13,98174.76,2345678,Langata,Nairobi,5321.08,2.54123E+11,UPMQR,OUC,RCSO
ROELB2CXP2,2.02302E+13,38581.8,3456789,Roysambu,Nairobi,46350.38,2.54123E+11,QJQSF,NLC,HKGL
RLQUUVLRE1,2.02308E+13,49126.39,8901234,Ruiru,Kiambu,92296.34,2.54123E+11,EFVOL,PKD,XYJC
RK2O2KIIRD,2.02305E+13,20150.94,7890123,Garden City,Nairobi,59662.11,2.54123E+11,BYSOS,GIG,IOIT
R0FN7OCMYH,2.02311E+13,14247.14,3456789,Roysambu,Nairobi,39811.95,2.54123E+11,KQBDQ,GAR,FCVW
R6G4Y7DYZ5,2.02301E+13,42539.48,7890123,Garden City,Nairobi,10895.74,2.54123E+11,HUZLF,CEZ,IAUG
RV63FPHNPZ,2.02302E+13,73866.99,6789012,Thika,Kiambu,52850.8,2.54123E+11,LLHWU,EOB,IBVD
RPOH98MEXG,2.02311E+13,35773.88,7890123,Garden City,Nairobi,86842.86,2.54123E+11,NJGNV,TWE,TJDM
R4VLUVDPCO,2.02304E+13,92030.66,5678901,Githurai 45,Nairobi,41482.27,2.54123E+11,QYADL,QCH,UASQ
RZ31MIHSQ0,2.02309E+13,15786.02,6789012,Thika,Kiambu,53977.86,2.54123E+11,PREPV,FXB,KEZA
RI7PHCW8RH,2.02302E+13,30959.86,4567890,Juja,Kiambu,85073.22,2.54123E+11,CGVGR,ZSN,MPNK
RO1GX33BIJ,2.02303E+13,36789.54,9012345,Kasarani,Nairobi,70071.29,2.54123E+11,YGHXA,KPT,HGTB
RSF04IJGTQ,2.02306E+13,26470.4,6789012,Thika,Kiambu,5678.02,2.54123E+11,RNPKX,YEB,TQKP
RBMSKZVOC5,2.02303E+13,30809.16,3456789,Roysambu,Nairobi,21905.26,2.54123E+11,HJEBS,PEN,THFA
R15TBVIVF4,2.02303E+13,21331.78,8901234,Ruiru,Kiambu,6695.7,2.54123E+11,NXGBU,YVF,NZCU
R6P4PUPT0M,2.02304E+13,82560.99,4567890,Juja,Kiambu,56456.85,2.54123E+11,EZJHZ,XRM,EQPO
RHEG39XOM3,2.02311E+13,3480.69,3456789,Roysambu,Nairobi,25399,2.54123E+11,NAPTV,AWE,HTDS
RB28EE321G,2.02309E+13,15219.8,7890123,Garden City,Nairobi,18029.3,2.54123E+11,VBDQN,IGN,XBTN
RBMIKNH818,2.02312E+13,58517.59,5678901,Githurai 45,Nairobi,32014.78,2.54123E+11,OSSVQ,FPX,PDGG
RLLLCJC3T9,2.02302E+13,27613.85,8901234,Ruiru,Kiambu,78789.31,2.54123E+11,SRIHQ,YTJ,SGEH
RHJJZ0CQEH,2.02306E+13,4267.08,9012345,Kasarani,Nairobi,17937.78,2.54123E+11,SFKLS,GYT,JZKN
RWK0K7LGQY,2.02311E+13,91404.15,7890123,Garden City,Nairobi,89604.96,2.54123E+11,XFNRB,QCR,UMLV
RE2SS3KP1T,2.02307E+13,83568.87,3456789,Roysambu,Nairobi,40160.73,2.54123E+11,MWWSH,LGL,VACK
RY4D9MAWH8,2.02309E+13,1690.1,8901234,Ruiru,Kiambu,81556.02,2.54123E+11,YOHCL,EQC,OHVF
RHIM9J8ERH,2.02304E+13,91879.39,7890123,Garden City,Nairobi,44430.11,2.54123E+11,ZWPON,ELT,HLYU
RVV9Y6ZI8V,2.02307E+13,19102.07,6789012,Thika,Kiambu,19120.79,2.54123E+11,YBGIM,JQJ,BQFQ
R8H84XQ70S,2.02306E+13,24254.82,9012345,Kasarani,Nairobi,18517.43,2.54123E+11,EUPHX,JPN,GZNR
RGNKTYYNC3,2.02311E+13,11555.39,6789012,Thika,Kiambu,54639.15,2.54123E+11,YJYJM,MHF,IUHV
RCB5E8IDEN,2.02312E+13,26681.05,2345678,Langata,Nairobi,10781.03,2.54123E+11,OSGOV,XWF,RFVU
RDQKQY5MUH,2.02306E+13,17831.92,9012345,Kasarani,Nairobi,19541.24,2.54123E+11,OYIEA,FHF,OHPU
RIDTFEQSH1,2.02308E+13,23846.15,3456789,Roysambu,Nairobi,16840.15,2.54123E+11,IMJAV,BES,ZZZR
RPIXJPSM4U,2.02307E+13,52742.4,5678901,Githurai 45,Nairobi,1853.28,2.54123E+11,YUBKC,MXS,GCSF
RZBJHAEA4D,2.0231E+13,69720.08,9012345,Kasarani,Nairobi,48759.49,2.54123E+11,KYGMN,LQS,VODV
RS56P7QAAH,2.02301E+13,82017.24,2345678,Langata,Nairobi,13816.35,2.54123E+11,VFGJK,UQL,XELX
R9NM43PYK7,2.02311E+13,90926.22,4567890,Juja,Kiambu,94618.82,2.54123E+11,EPXUK,OUW,AYQZ
RL55QOUK1O,2.02311E+13,92779.52,5678901,Githurai 45,Nairobi,76527.91,2.54123E+11,QNBQB,FHL,ZGCT
R8B2EEDWBZ,2.02311E+13,32723.77,123456,Westlands,Nairobi,38287.48,2.54123E+11,KUANQ,XQZ,SOCJ
RYSH2XEWRN,2.02312E+13,81174.79,8901234,Ruiru,Kiambu,90638.79,2.54123E+11,QJXCW,TJF,APPP
RHF7MRY6PO,2.02302E+13,15718.45,5678901,Githurai 45,Nairobi,59537.83,2.54123E+11,YOFHQ,NKV,LWQV
R1A6W9APZ0,2.02312E+13,51002.47,1234567,Kilimani,Nairobi,18315.37,2.54123E+11,PONYM,MOF,NIJX
RPJAYX32VC,2.02305E+13,92261.95,3456789,Roysambu,Nairobi,70766.87,2.54123E+11,GRSKX,UXN,IQGQ
RYREHUM1PF,2.02308E+13,20926.58,3456789,Roysambu,Nairobi,43387.02,2.54123E+11,IKHGE,VNS,YVCR
RJB09H46OG,2.02304E+13,60332.06,1234567,Kilimani,Nairobi,95932.82,2.54123E+11,XJHRB,AQI,UXWX
R4UVHXPJY5,2.02301E+13,96903.96,123456,Westlands,Nairobi,15244.53,2.54123E+11,EBVKY,UTS,BTYG
RP1034UUZK,2.02312E+13,71421.26,5678901,Githurai 45,Nairobi,15047.57,2.54123E+11,FRMZS,COA,MYFA
R6GR0EET3F,2.02308E+13,71563.46,7890123,Garden City,Nairobi,50960.43,2.54123E+11,OVETS,SQK,NCCW
R0GVZQCQA9,2.02304E+13,83633.81,2345678,Langata,Nairobi,22837.51,2.54123E+11,AHGZK,KZB,RMLR
RY4NAI8A3A,2.02308E+13,40415.8,2345678,Langata,Nairobi,16116.68,2.54123E+11,BQUSR,KKT,LIVE
R5U4V7F7IG,2.02312E+13,82702.75,123456,Westlands,Nairobi,64333.97,2.54123E+11,LCSPJ,XPJ,SCKN
RYUE6YZ2UH,2.02303E+13,28886.44,1234567,Kilimani,Nairobi,64709.39,2.54123E+11,PLBOC,QFZ,GTQY
R15KCSQRO5,2.02305E+13,73839.68,6789012,Thika,Kiambu,78453.11,2.54123E+11,RZIWC,ONT,QTDL
RWZK760CHH,2.02309E+13,12046.27,9012345,Kasarani,Nairobi,59487.14,2.54123E+11,VMNEW,LRM,UVDO
R44ZSVEEZ9,2.02305E+13,36667.88,8901234,Ruiru,Kiambu,28106.84,2.54123E+11,XRDYH,WQE,QHIN
R9PYOKDWHG,2.0231E+13,71356.72,8901234,Ruiru,Kiambu,65114.97,2.54123E+11,IMPLZ,TSM,BEDM
R9UMJVLLCJ,2.02312E+13,17291.45,6789012,Thika,Kiambu,80080.84,2.54123E+11,EBJIN,SON,UJWM
R5MKHNT3GA,2.02304E+13,14186.8,6789012,Thika,Kiambu,48831.88,2.54123E+11,TRKAW,PHM,ONQQ
RU4ZI89C5A,2.02308E+13,2628.83,1234567,Kilimani,Nairobi,65847.44,2.54123E+11,UWKEU,ZDS,VYAS
RF31SQAWPP,2.02311E+13,86805.08,7890123,Garden City,Nairobi,14044.27,2.54123E+11,SIFOJ,EAR,HSOA
RF6GLJVMV2,2.02306E+13,14930.51,5678901,Githurai 45,Nairobi,73725.38,2.54123E+11,VELRA,TGQ,QQZK
RA6451F3ZE,2.02303E+13,61116.34,2345678,Langata,Nairobi,76329.12,2.54123E+11,QDYCJ,MQF,PDFM
RPEV6AVNU4,2.02303E+13,34472.58,123456,Westlands,Nairobi,23702.58,2.54123E+11,NHFAT,JHR,ZMEG
RQT3CC6H7D,2.02301E+13,71190.77,123456,Westlands,Nairobi,69857.46,2.54123E+11,YJRXP,UNQ,AIYF
RMOQDVBR4Z,2.02307E+13,78212.03,123456,Westlands,Nairobi,57211.81,2.54123E+11,OHKFH,LZC,UALV
REDQ5NX624,2.02303E+13,83605.4,8901234,Ruiru,Kiambu,35007.14,2.54123E+11,BCRTH,SXX,JPGH
REIEDRY2ET,2.02301E+13,82288.75,2345678,Langata,Nairobi,6537.49,2.54123E+11,QCTBM,PIP,BJPY
RMEK82CATD,2.02309E+13,5867.28,4567890,Juja,Kiambu,99390,2.54123E+11,YEAGA,KKF,TAPV
RBHRC38EGE,2.02309E+13,11069.03,4567890,Juja,Kiambu,1138.68,2.54123E+11,PPLKP,XML,MGJK
R44CEM93OC,2.02302E+13,25279.67,6789012,Thika,Kiambu,21124.78,2.54123E+11,WFOZO,RTX,CRWU
RQOCTOAE3C,2.02303E+13,18064.62,9012345,Kasarani,Nairobi,28492.22,2.54123E+11,JWTLO,ZNE,HQTP
RI5JK3Y8I1,2.0231E+13,10952.23,123456,Westlands,Nairobi,14760.55,2.54123E+11,MIRCK,LMA,HFVI
R3UMUOQO0Y,2.02302E+13,20034.92,2345678,Langata,Nairobi,73036.25,2.54123E+11,TFVOY,USH,ARUH
R4FQGJZJZU,2.02312E+13,6521.85,2345678,Langata,Nairobi,24850.04,2.54123E+11,ZBAQS,YFD,XXVW
RZUDFS62SU,2.02303E+13,36140.99,6789012,Thika,Kiambu,21111.15,2.54123E+11,JNNWE,NKM,PAII
R8J1JHVJJS,2.02305E+13,34705.32,123456,Westlands,Nairobi,72139.88,2.54123E+11,WVFIM,OPF,MBZN
RUVNLJ4BIK,2.02305E+13,3251.73,9012345,Kasarani,Nairobi,59837.89,2.54123E+11,JTNCC,EIC,UGTO
RWXJYXLON5,2.02309E+13,46163.72,3456789,Roysambu,Nairobi,48963.91,2.54123E+11,GXPCA,MSG,TNSD
RMQI0PG7AR,2.02301E+13,29924.66,123456,Westlands,Nairobi,3423.7,2.54123E+11,OLPHY,MET,EVRF
RGJP67756F,2.02308E+13,59130.77,4567890,Juja,Kiambu,19671.87,2.54123E+11,JLVUV,VLB,ZDEC
R6PMYZ24SD,2.02306E+13,3030.82,8901234,Ruiru,Kiambu,80078.29,2.54123E+11,YKDPL,IYI,GHOM
R5MH7UC4LT,2.02309E+13,25661.8,9012345,Kasarani,Nairobi,34179.16,2.54123E+11,QHIOX,ENE,OBDE
RXAOQJ2D1L,2.02308E+13,35052.8,123456,Westlands,Nairobi,14010.2,2.54123E+11,YTZHC,XMO,GRMO
RM3ZKBPUXE,2.02309E+13,74013.64,3456789,Roysambu,Nairobi,64220.27,2.54123E+11,KVFFQ,XVO,BDHD
RCHLTWHVKN,2.02312E+13,38410.29,4567890,Juja,Kiambu,21327.89,2.54123E+11,EFZUM,IJY,KCKC
RELU4826GK,2.02302E+13,58671.38,123456,Westlands,Nairobi,66055.66,2.54123E+11,TDKAP,DJJ,YDFG
RX1WFJV9JR,2.02303E+13,60007.98,7890123,Garden City,Nairobi,60880.68,2.54123E+11,VDRGR,JPI,TUGR
R23K7Q7IOE,2.02305E+13,29691.39,6789012,Thika,Kiambu,51572.53,2.54123E+11,QUHYW,XVM,IWFZ
RCUKRX6C7X,2.02312E+13,54233.51,123456,Westlands,Nairobi,93781.54,2.54123E+11,JWERE,AHT,THGF
R02TJCANIW,2.02303E+13,80871.03,123456,Westlands,Nairobi,83404.53,2.54123E+11,UOPAY,WYJ,GQCS
RPJZ088Y1P,2.02301E+13,14344.73,5678901,Githurai 45,Nairobi,63514.49,2.54123E+11,CVATJ,VIV,QUGZ
RO1YJL199X,2.02305E+13,89237.69,123456,Westlands,Nairobi,87626.66,2.54123E+11,CQOSP,KSG,ESAT
RGQJHVJYH5,2.02312E+13,711.26,4567890,Juja,Kiambu,97433.39,2.54123E+11,WGNLS,FJT,OUWA
R3YG4QZM84,2.02308E+13,52666.83,1234567,Kilimani,Nairobi,7990.57,2.54123E+11,UATQS,YTV,VYGH
RCZYWV6Y0C,2.02307E+13,51808.47,2345678,Langata,Nairobi,30767.2,2.54123E+11,VPQFG,PKV,QXRO
RGNIL6NDJJ,2.02302E+13,21848.82,7890123,Garden City,Nairobi,58013.27,2.54123E+11,UYTVA,YJR,TWCC
RTCMQOOCC4,2.02304E+13,86408.9,123456,Westlands,Nairobi,75740.74,2.54123E+11,LOODU,DIO,OLQK
RP2K4F8JNN,2.02306E+13,25557.68,1234567,Kilimani,Nairobi,33405.26,2.54123E+11,OYYKG,QGV,SNEF
R24L24WA5S,2.02308E+13,24709.6,4567890,Juja,Kiambu,22582.32,2.54123E+11,DCMQC,EJW,QYED
RMEOFQ0GSR,2.02308E+13,27574.25,5678901,Githurai 45,Nairobi,50369.31,2.54123E+11,SJAKT,VZK,MVGT
RY9W8EH757,2.02309E+13,81411.23,3456789,Roysambu,Nairobi,24543.7,2.54123E+11,SSMLN,DHO,FYPZ
RW2WO86R5Y,2.02307E+13,61577.59,2345678,Langata,Nairobi,92340.67,2.54123E+11,MVXVI,WVX,CCCM
R80DBXWZ18,2.02301E+13,54661.87,3456789,Roysambu,Nairobi,34160.12,2.54123E+11,ZDRFO,LYG,PVPY
R2VPMHCPF5,2.0231E+13,118.68,6789012,Thika,Kiambu,18712.7,2.54123E+11,TITDG,UKX,NOOZ
R0BQC4MTCT,2.02309E+13,1927.86,1234567,Kilimani,Nairobi,99427.17,2.54123E+11,KPHJI,XRF,AESE
RA9WCN9Z9L,2.0231E+13,84488.34,5678901,Githurai 45,Nairobi,49170.22,2.54123E+11,CXNIH,BSZ,EETW
RLA6DBCF6O,2.02311E+13,91452.16,5678901,Githurai 45,Nairobi,60977.37,2.54123E+11,HHQXD,HYF,VVHP
RRGSZ83Q40,2.02306E+13,96210.49,2345678,Langata,Nairobi,15194.08,2.54123E+11,BPBTB,OJN,IUHC
RPIMAV3CPL,2.02306E+13,51556.42,5678901,Githurai 45,Nairobi,5681.99,2.54123E+11,TCFOM,NBJ,VOVI
RUPHVPJEZW,2.02308E+13,41403.58,1234567,Kilimani,Nairobi,35612.33,2.54123E+11,HFHPO,UMM,WEKC
RNBG2XZBK0,2.02312E+13,2845.11,5678901,Githurai 45,Nairobi,96422.69,2.54123E+11,KHQLO,YYA,QKYG
RFB5FEJH5M,2.02302E+13,34053.61,123456,Westlands,Nairobi,77927.72,2.54123E+11,AZOAN,BGO,WDES
R9JBRKDGHT,2.02304E+13,99363.86,3456789,Roysambu,Nairobi,4565.55,2.54123E+11,KVHOH,UPB,SAJV
R6JSZMEPP5,2.02306E+13,80666.34,8901234,Ruiru,Kiambu,49572.29,2.54123E+11,NESDL,NPF,QAQO
RDX3Z9CLKB,2.02309E+13,15486.38,4567890,Juja,Kiambu,76676.43,2.54123E+11,YNEMH,SAB,CRPN
RKO8GPFO5G,2.02311E+13,1122.25,2345678,Langata,Nairobi,56294.06,2.54123E+11,JCIFN,VIE,KJQY
RRSXQ0FJMV,2.02312E+13,48433.37,8901234,Ruiru,Kiambu,26767.72,2.54123E+11,QBWBS,YJW,GGPO
RGJM9XERYY,2.02301E+13,90291.46,1234567,Kilimani,Nairobi,70722.2,2.54123E+11,JQIVH,VYF,HIIN
RJR0VWD95F,2.02311E+13,23274.75,5678901,Githurai 45,Nairobi,32759.63,2.54123E+11,HEKQD,MIA,GNUZ
RU4CXIEN13,2.02303E+13,99951.64,7890123,Garden City,Nairobi,75955.99,2.54123E+11,ZRZXT,QST,XDUG
RMNWVCN2NT,2.02311E+13,22063.06,5678901,Githurai 45,Nairobi,57486.15,2.54123E+11,BHGRF,AWR,MJGR
REYBWHQ0WK,2.02307E+13,52412.51,123456,Westlands,Nairobi,15195.06,2.54123E+11,MDBWI,KKR,GFCM
RJUSUC8V3A,2.02312E+13,33657.07,2345678,Langata,Nairobi,69043.08,2.54123E+11,CGKUK,JID,PZVF
RI6VB8Z85N,2.02301E+13,84686.06,5678901,Githurai 45,Nairobi,20298.68,2.54123E+11,TXLKC,QLA,IFGN
RCWS5IWXDQ,2.0231E+13,49347.9,9012345,Kasarani,Nairobi,31906.91,2.54123E+11,QDNBN,CIP,WZGL
RF8QNLYZWE,2.02304E+13,46838.88,3456789,Roysambu,Nairobi,28974.75,2.54123E+11,YFITM,YOI,XMFG
RUGJ6RTSBF,2.0231E+13,4163.7,6789012,Thika,Kiambu,66998.33,2.54123E+11,EJBEW,HVB,BQGD
RSM805CO9F,2.02305E+13,66019.18,6789012,Thika,Kiambu,62529.56,2.54123E+11,EAAMN,LHP,LAOE
RVIR466JGK,2.02311E+13,46502.6,3456789,Roysambu,Nairobi,71868.19,2.54123E+11,HFEBX,EYE,KECT
RIVTR2L05G,2.02309E+13,60730.72,9012345,Kasarani,Nairobi,90927.89,2.54123E+11,CHHFG,ZOR,VHUS
RNZ58LB48C,2.02312E+13,48336.69,8901234,Ruiru,Kiambu,46042.5,2.54123E+11,EVTGA,YED,ZWIX
RLX9ZFZCDP,2.02305E+13,84006.23,3456789,Roysambu,Nairobi,94272.64,2.54123E+11,RPILB,RVH,SSPA
RXFLQJSUZB,2.02306E+13,75775.47,1234567,Kilimani,Nairobi,59451.84,2.54123E+11,PMHNJ,OBC,AUZE
R9B4LXJOEN,2.02303E+13,57167.12,123456,Westlands,Nairobi,47149.03,2.54123E+11,WLXAC,PJR,AENH
RJZB2XKS0O,2.02306E+13,66598.46,9012345,Kasarani,Nairobi,8189.94,2.54123E+11,VAIFJ,RJC,LPLP
RUD1365XV0,2.02309E+13,48970.6,7890123,Garden City,Nairobi,93474,2.54123E+11,QLSOV,KOC,YMMR
RA9BEWBWH5,2.02308E+13,17741.67,123456,Westlands,Nairobi,56533.21,2.54123E+11,SVJWQ,LBC,ZWVM
R3YEKU0AS0,2.02303E+13,45902.32,2345678,Langata,Nairobi,71485.87,2.54123E+11,DIFRN,UXB,UHAI
RRGM4G4GQW,2.02307E+13,52536.82,123456,Westlands,Nairobi,38704.95,2.54123E+11,JLKSL,BXO,DRGA
RZTBU7I2RA,2.02311E+13,38711.51,6789012,Thika,Kiambu,22224.58,2.54123E+11,VPQUH,VAS,VHTU
R0FR6M2L16,2.02308E+13,27340.04,9012345,Kasarani,Nairobi,83618.97,2.54123E+11,XXGXS,WSX,WYQI
RSGE0LCK69,2.0231E+13,51655.79,9012345,Kasarani,Nairobi,78293.03,2.54123E+11,CWAYA,VIR,HUHF
RFG9JFB12C,2.02302E+13,43185.83,123456,Westlands,Nairobi,16812.4,2.54123E+11,BNREL,ZLA,DIOD
R79PKBH0RJ,2.02305E+13,97199.48,8901234,Ruiru,Kiambu,38089.86,2.54123E+11,MPPQW,UYN,LTTR
RJS4N1DALJ,2.02307E+13,59981.85,123456,Westlands,Nairobi,75983.53,2.54123E+11,CNYQA,PKT,FBYG
RCEF7QREOA,2.02312E+13,25166.19,1234567,Kilimani,Nairobi,21259.78,2.54123E+11,RNEOU,UAA,KJWA
RLPOSM62IH,2.02305E+13,66746.43,9012345,Kasarani,Nairobi,52064.03,2.54123E+11,DWKEJ,JOM,PNNU
RH0YXRYPUG,2.02309E+13,19191.86,9012345,Kasarani,Nairobi,40828.13,2.54123E+11,NBEJY,CIQ,VTCB
RSF7ILWX1J,2.02304E+13,76202.23,2345678,Langata,Nairobi,17995.39,2.54123E+11,ZYLCT,TFT,OKSI
RCNUZ2AQRG,2.02302E+13,71648.71,2345678,Langata,Nairobi,8929.37,2.54123E+11,QVRPC,ICF,JKDH
R5SXVN6XLP,2.02305E+13,11584.35,2345678,Langata,Nairobi,38921.8,2.54123E+11,AKQHL,MYV,TGRT
RLZTIBA2BN,2.02309E+13,41535.11,9012345,Kasarani,Nairobi,1357.77,2.54123E+11,XKWVU,OLX,TSOF
R7Z8OFXST9,2.02309E+13,65226.59,3456789,Roysambu,Nairobi,71648.91,2.54123E+11,RRRUO,WYJ,GCDR
R3BO2KWTNN,2.02308E+13,37613.78,5678901,Githurai 45,Nairobi,88516.98,2.54123E+11,MMBNX,WXO,WFGZ
RUJFYD3180,2.02312E+13,64792.63,8901234,Ruiru,Kiambu,80652.76,2.54123E+11,SSXPW,PCC,KXKJ
RR71FJY8O4,2.02308E+13,90297.21,7890123,Garden City,Nairobi,36350.75,2.54123E+11,DKFAY,BFZ,KTRP
RTJCO8JHZZ,2.02305E+13,60540.72,1234567,Kilimani,Nairobi,8180.51,2.54123E+11,ECXAS,QQH,NWZD
RBC3D4QVNV,2.02301E+13,9269.41,5678901,Githurai 45,Nairobi,70586.2,2.54123E+11,VHGKV,FMX,BBWM
RP9309ZLMZ,2.02304E+13,46021.05,1234567,Kilimani,Nairobi,49365.15,2.54123E+11,VMYFQ,TPP,GODM
R1L3S7STGT,2.02308E+13,84699.11,2345678,Langata,Nairobi,72047.82,2.54123E+11,HVIJV,AQP,TGAD
RO9ELSS64C,2.0231E+13,86372.4,123456,Westlands,Nairobi,35478.39,2.54123E+11,NITQS,SFA,AOWS
RGK5VLKZ1A,2.02311E+13,96077.38,8901234,Ruiru,Kiambu,93885.27,2.54123E+11,JYCJZ,CRV,MANH
RVDVLXTVJO,2.02306E+13,62926.53,4567890,Juja,Kiambu,85018.6,2.54123E+11,BBGQY,BAJ,HUOP
RXSADB6ZGW,2.02301E+13,51847.73,7890123,Garden City,Nairobi,57974.72,2.54123E+11,JJLXH,NDC,JETS
RLOAM9GAOW,2.02301E+13,5726.85,7890123,Garden City,Nairobi,5846.66,2.54123E+11,PCAMA,IEF,QACD
RUDF1HCWNJ,2.02305E+13,9380.34,6789012,Thika,Kiambu,97164.67,2.54123E+11,MUMDF,CSU,PQNA
R1DPA72Z7B,2.02308E+13,33951.8,123456,Westlands,Nairobi,72470.9,2.54123E+11,EQGVQ,NHP,AHRT
RDQ6X4SPHL,2.02312E+13,66065.13,9012345,Kasarani,Nairobi,89690.4,2.54123E+11,AQCKT,EKL,PPLD
RZHU80EH96,2.02307E+13,4252.11,2345678,Langata,Nairobi,92207.01,2.54123E+11,UVKRF,SOE,SMLJ
R7ZAWIXH0N,2.02308E+13,61901.06,7890123,Garden City,Nairobi,32314.06,2.54123E+11,PBRZH,SQY,ADVR
R8MNK4GI7S,2.02303E+13,52751.88,4567890,Juja,Kiambu,51222.56,2.54123E+11,CNCNX,OZY,ZHMI
RNJFXQAEXJ,2.02311E+13,40993.68,2345678,Langata,Nairobi,92295.99,2.54123E+11,VWQDV,HBR,SGOO
RH9PS3JCLN,2.02306E+13,64089.33,123456,Westlands,Nairobi,75106.31,2.54123E+11,MBGZV,VPL,XHOG
R4OOQAF6L1,2.02305E+13,44581.71,5678901,Githurai 45,Nairobi,82818.36,2.54123E+11,YUBHG,MJJ,OVTW
R8W8DZAFSV,2.0231E+13,41939.3,9012345,Kasarani,Nairobi,11296.62,2.54123E+11,ZLHUV,GPN,YIYK
R7CGLV54ZG,2.02302E+13,5986.9,3456789,Roysambu,Nairobi,20644.92,2.54123E+11,REWCQ,QGW,RDTL
RNEVNOP48T,2.02302E+13,29367.42,2345678,Langata,Nairobi,97374.38,2.54123E+11,TKZHI,EYL,OZAV
RA2WUKFGJ7,2.02308E+13,31413.19,3456789,Roysambu,Nairobi,93818.16,2.54123E+11,DVAHC,QBF,WGLS
RHMAUFWBTP,2.02308E+13,91008.22,7890123,Garden City,Nairobi,67840.42,2.54123E+11,TYQVI,WXK,DWFZ
RE09OJJA2J,2.02311E+13,57750.38,5678901,Githurai 45,Nairobi,60619.52,2.54123E+11,CEIFN,YET,DOCO
R0K5YO6WO6,2.02305E+13,81091.58,123456,Westlands,Nairobi,2687.02,2.54123E+11,SDPKH,QPI,QYQE
RCG0QUU6MC,2.02306E+13,40344.45,7890123,Garden City,Nairobi,21728.67,2.54123E+11,BHTTG,WSN,PPQG
RYPY0IYPDU,2.02306E+13,199.65,7890123,Garden City,Nairobi,28410.59,2.54123E+11,XAJKF,KND,XAJY
RF6X1DHPTZ,2.02308E+13,30584.07,1234567,Kilimani,Nairobi,81907.38,2.54123E+11,TVWTE,PEQ,CLGZ
RYSIE0G2QT,2.02304E+13,82577.03,8901234,Ruiru,Kiambu,45855.15,2.54123E+11,IOZUU,CIZ,ZVIR
R2J8ZE443L,2.02302E+13,89926,123456,Westlands,Nairobi,53687.6,2.54123E+11,DRRPW,MUQ,SYUO
RHSW2ILR1P,2.02306E+13,79716.79,9012345,Kasarani,Nairobi,79136.8,2.54123E+11,MCDLJ,GRD,GPZK
RFTF82GD1A,2.02306E+13,29346.41,5678901,Githurai 45,Nairobi,73268.71,2.54123E+11,XGLRB,SXN,EBEZ
RZTKAAEVRO,2.02311E+13,31044.86,5678901,Githurai 45,Nairobi,13410.8,2.54123E+11,PXIMD,AWU,BQIE
RSUO7XSRXQ,2.02305E+13,75910.98,3456789,Roysambu,Nairobi,53826.28,2.54123E+11,QEEWB,XMT,SNDK
RLYZ574PJ1,2.02303E+13,96164.98,4567890,Juja,Kiambu,23593.62,2.54123E+11,GGTMO,NRF,CKPI
RMYGG1AUIQ,2.02307E+13,64249.91,2345678,Langata,Nairobi,12536.94,2.54123E+11,ASEQS,NWO,QWKC
RT28YM80CH,2.02301E+13,88626.45,4567890,Juja,Kiambu,63088.4,2.54123E+11,ELJPS,QKN,LTDZ
RMT5TAFLZR,2.02301E+13,92547.34,7890123,Garden City,Nairobi,40520.9,2.54123E+11,TYXVZ,MBI,QETW
RISU1QBS9F,2.0231E+13,87552.49,2345678,Langata,Nairobi,72611.47,2.54123E+11,OWLQW,YUS,ABSZ
RS74L1BBP1,2.02301E+13,39294.86,7890123,Garden City,Nairobi,79352.77,2.54123E+11,WSHVR,MQR,HSLC
R49J7SLZGR,2.02312E+13,12945.83,7890123,Garden City,Nairobi,97830.95,2.54123E+11,YOKCM,CRJ,ZFXU
R5D5WEPXV2,2.02307E+13,59711.92,7890123,Garden City,Nairobi,7998.5,2.54123E+11,YFXCK,KCR,PVAO
REZMCIZ4WQ,2.02305E+13,60171.44,7890123,Garden City,Nairobi,6603.87,2.54123E+11,RZSOE,QKS,JBCA
RJQML3M095,2.02312E+13,77837.08,7890123,Garden City,Nairobi,52575.39,2.54123E+11,JKAXJ,SYB,HXLN
R2IV54BFOB,2.02303E+13,22261.09,2345678,Langata,Nairobi,2960.49,2.54123E+11,EYBIV,WVI,UATM
RW8ZZ7TBZT,2.02303E+13,3401.39,6789012,Thika,Kiambu,15321.57,2.54123E+11,ARHSM,WRE,OTXV
RE80CV1BSB,2.02311E+13,90815.12,3456789,Roysambu,Nairobi,96899.24,2.54123E+11,JPASZ,HWS,RPND
RXBP8MTTT2,2.02304E+13,72206.15,2345678,Langata,Nairobi,28858.14,2.54123E+11,JCHED,KDO,MWRM
RGPOUKXI73,2.02309E+13,70397.02,9012345,Kasarani,Nairobi,77086.66,2.54123E+11,IXBXH,BQD,IESQ
RA9W2SDGG0,2.02307E+13,4776.06,7890123,Garden City,Nairobi,81416.53,2.54123E+11,HSRTQ,MFW,ZPGW
RTWGOCXNBZ,2.02301E+13,96090.92,123456,Westlands,Nairobi,47045.87,2.54123E+11,ZKWWT,SOX,WBOV
RX2PIOU7G2,2.02306E+13,53973.96,3456789,Roysambu,Nairobi,11940.06,2.54123E+11,FLSMT,MKZ,MYOE
R9ODSFG1F3,2.02309E+13,17492.13,1234567,Kilimani,Nairobi,11519.16,2.54123E+11,ZFCQT,SHK,CADN
RXJNZOSFUG,2.02307E+13,76252.56,8901234,Ruiru,Kiambu,13351.41,2.54123E+11,FIJLR,ANA,MCED
RP72WXGR9I,2.02304E+13,83446.15,4567890,Juja,Kiambu,35467.97,2.54123E+11,YTVUQ,XXQ,JXTD
RUYY6G06ZM,2.02309E+13,58961.38,123456,Westlands,Nairobi,60051.81,2.54123E+11,IBSRO,DCI,ZJIN
RXSQTXGB0A,2.02305E+13,48442.44,9012345,Kasarani,Nairobi,41378.39,2.54123E+11,YINAQ,UVM,ALEM
RBTQOM83TW,2.0231E+13,4674.91,2345678,Langata,Nairobi,90089.58,2.54123E+11,OXHDL,KWN,HLAE
RWX5AWC0IY,2.02303E+13,60849.87,5678901,Githurai 45,Nairobi,43119.9,2.54123E+11,WROVB,JZA,LMQE
RLHQQR8MVA,2.02304E+13,48204.16,7890123,Garden City,Nairobi,18443.61,2.54123E+11,GKAKS,WUB,ZEGZ
R4ONG07P3Z,2.02303E+13,75115.57,123456,Westlands,Nairobi,363.39,2.54123E+11,MIKZT,RXT,CRPE
RHQLVX1PX7,2.02309E+13,13378.69,6789012,Thika,Kiambu,80863.79,2.54123E+11,NQXAF,AZC,LUSR
RVV0NDD152,2.02306E+13,87933.33,9012345,Kasarani,Nairobi,67276.48,2.54123E+11,HOHIE,DPU,JSYN
RAIO3CAEC5,2.02312E+13,22256.08,8901234,Ruiru,Kiambu,71528.33,2.54123E+11,ARJLJ,GVG,TAME
RNCS1RSISI,2.02308E+13,92126.75,123456,Westlands,Nairobi,95731.9,2.54123E+11,JLYWT,ECJ,BKTK
RD09OHUSRS,2.02304E+13,58715.29,9012345,Kasarani,Nairobi,35006.8,2.54123E+11,HSSTE,HOL,KXVF
RVJW0TUNEV,2.02304E+13,78378.35,9012345,Kasarani,Nairobi,24523.4,2.54123E+11,DZJBX,SSN,BQHO
RST8C0P0DM,2.02302E+13,36421.2,1234567,Kilimani,Nairobi,81729.46,2.54123E+11,EGTDK,XVI,OYEN
RTY3L43R6H,2.02303E+13,25190.9,5678901,Githurai 45,Nairobi,99613.73,2.54123E+11,VKLUO,IHF,LNHT
RCU37WIQWC,2.02312E+13,13275.77,123456,Westlands,Nairobi,56960.73,2.54123E+11,XOQBM,YLH,SKXS
R82MNOFD2G,2.02304E+13,58509.66,6789012,Thika,Kiambu,19906.78,2.54123E+11,SOXJT,LKJ,DTYH
RRUNGFLLMI,2.02308E+13,44723.82,5678901,Githurai 45,Nairobi,93504.83,2.54123E+11,ABGSD,THR,YEXY
RQZQH45U3G,2.02307E+13,80290.45,3456789,Roysambu,Nairobi,2870.15,2.54123E+11,PLBKT,PSZ,MGLQ
RJXVTACXXG,2.02301E+13,53774.74,6789012,Thika,Kiambu,36115.44,2.54123E+11,BCAKJ,FPO,ZUMP
RS6D7BQWKQ,2.02308E+13,12155.24,5678901,Githurai 45,Nairobi,16057.42,2.54123E+11,FBBID,ODF,DBBU
R1T6NZYBP2,2.02308E+13,27663.53,4567890,Juja,Kiambu,91202.54,2.54123E+11,ICLHJ,CNN,JIXJ
R0F6UMZ42O,2.02305E+13,92716.44,7890123,Garden City,Nairobi,12914.31,2.54123E+11,ALLEC,DEJ,NMYH
RZSA4Y9BJV,2.02312E+13,66279.89,5678901,Githurai 45,Nairobi,70952.1,2.54123E+11,VUGYL,BWA,WTUB
R87OIALT7Z,2.02309E+13,50680.28,1234567,Kilimani,Nairobi,30063.72,2.54123E+11,DMHZU,SGF,UKCS
RPC4I1BGC3,2.0231E+13,31033.28,9012345,Kasarani,Nairobi,93348.5,2.54123E+11,EMODK,PIF,RRTO
R9O2G6ETC2,2.02304E+13,83338.49,8901234,Ruiru,Kiambu,87526.02,2.54123E+11,PERNM,ZWF,OSHR
RYSKCO9DYO,2.02309E+13,61509.08,6789012,Thika,Kiambu,22140.4,2.54123E+11,ZYJHG,GDP,DINN
RWXSUZFOAI,2.02302E+13,3409.56,7890123,Garden City,Nairobi,59769.8,2.54123E+11,OVXJG,MMY,YVWE
RP0CMXX1FU,2.02304E+13,4475.95,6789012,Thika,Kiambu,4588.03,2.54123E+11,WERKN,JIU,WJMI
RA9H2AY9ZM,2.02311E+13,81433.25,123456,Westlands,Nairobi,60705.79,2.54123E+11,XEQQU,IHF,REQR
RL4371EE8V,2.02305E+13,89593.12,3456789,Roysambu,Nairobi,96726.73,2.54123E+11,VLODQ,LSC,YFIL
R3C44BGEPJ,2.02301E+13,82619.64,2345678,Langata,Nairobi,96534.35,2.54123E+11,QWWNM,SUR,MMOD
R7S3C9EQIP,2.02309E+13,25830.04,4567890,Juja,Kiambu,75619.04,2.54123E+11,KLBWL,EFC,UHEP
R8X28ZVCSF,2.02312E+13,31654.18,7890123,Garden City,Nairobi,28180.19,2.54123E+11,FODNJ,CFM,FBCV
RZ68UCXIVV,2.0231E+13,10740.98,2345678,Langata,Nairobi,65793.78,2.54123E+11,MEGJX,IIV,CDGY
RM4ZR2PY2M,2.02304E+13,50616.94,5678901,Githurai 45,Nairobi,56862.6,2.54123E+11,YFKEP,PHP,COQS
RHE2RVHTP9,2.02304E+13,14152.99,123456,Westlands,Nairobi,95546.51,2.54123E+11,PRHUJ,TYY,HHCH
RHVWQ0GFFA,2.02301E+13,78633.65,4567890,Juja,Kiambu,9149.55,2.54123E+11,NSPNF,GPK,YSIL
RNR8OMZSTP,2.02303E+13,29444.71,4567890,Juja,Kiambu,18190.73,2.54123E+11,PBPAX,AQB,GNNF
RC9YBTA6IW,2.02303E+13,94630.26,1234567,Kilimani,Nairobi,67198.2,2.54123E+11,UZKNB,BRY,RTXS
RV87YG4VSX,2.02311E+13,50849.5,2345678,Langata,Nairobi,33363.02,2.54123E+11,CTKYZ,VWB,RQVY
RBADO6TZQF,2.02305E+13,88563.26,1234567,Kilimani,Nairobi,37216.73,2.54123E+11,ZALHT,SFZ,PFRX
REDYXVXQLE,2.02303E+13,62317.26,5678901,Githurai 45,Nairobi,40800.46,2.54123E+11,MOXPW,ITE,IXTA
RK23AX6WPN,2.02306E+13,32376.86,4567890,Juja,Kiambu,62844.19,2.54123E+11,OUAEU,WJR,STZL
R27IHGKZHT,2.0231E+13,97558.14,4567890,Juja,Kiambu,14210.44,2.54123E+11,YJKES,PXF,LBQU
RTOX08BKM0,2.02306E+13,92276.76,1234567,Kilimani,Nairobi,44580.67,2.54123E+11,EMCGD,QUV,PYON
RJVZYHXJ2V,2.02301E+13,24467.58,3456789,Roysambu,Nairobi,4077.1,2.54123E+11,HEZUK,SYW,RYMX
RC6PEDA2RT,2.02312E+13,34899.34,123456,Westlands,Nairobi,31059.54,2.54123E+11,ZTJHK,PIK,DQFK
R8IUBNWWB3,2.02306E+13,9112.93,123456,Westlands,Nairobi,93263.58,2.54123E+11,HQQEI,FIE,EPXL
RLR75VCERQ,2.02304E+13,28444.99,6789012,Thika,Kiambu,19636.52,2.54123E+11,LURFU,KZF,BAUX
R70JGAZJZM,2.02308E+13,72104.35,9012345,Kasarani,Nairobi,12103.88,2.54123E+11,TCZZA,HHA,JJLI
RFAZHOD07B,2.02307E+13,89079.71,8901234,Ruiru,Kiambu,58363.75,2.54123E+11,ORUUH,EJF,ZIMA
RRAYN5FNB8,2.02305E+13,76281.28,4567890,Juja,Kiambu,61340.08,2.54123E+11,NHEZZ,RII,SNBI
RYEQII6V8I,2.02301E+13,72067.55,2345678,Langata,Nairobi,35793.49,2.54123E+11,CWOWQ,IXK,YDRL
RQC6EFGUKU,2.02305E+13,246.57,8901234,Ruiru,Kiambu,18747.54,2.54123E+11,QDSMV,MNB,TMXR
RVK88B2TH7,2.02309E+13,82867.45,9012345,Kasarani,Nairobi,98688.74,2.54123E+11,HKOXI,FXI,GYEX
RFLM65XSBE,2.02312E+13,7315.26,9012345,Kasarani,Nairobi,53790.39,2.54123E+11,ONJOQ,YCK,AATR
RALQQUQFX7,2.02311E+13,79022.2,2345678,Langata,Nairobi,81383.48,2.54123E+11,MOREO,AJG,PNGI
RH8HFGNEFN,2.02312E+13,49220.37,4567890,Juja,Kiambu,71358.89,2.54123E+11,FGOWR,GON,JSLP
RZMD12JZAM,2.02304E+13,98822.62,4567890,Juja,Kiambu,51906.8,2.54123E+11,ALONT,OGY,JKLF
RMQ4GHYYSZ,2.02302E+13,90963.55,8901234,Ruiru,Kiambu,10512.81,2.54123E+11,KPPOP,HKO,POTL
REGIM06PUE,2.02303E+13,45028.98,1234567,Kilimani,Nairobi,13439.55,2.54123E+11,ZDXUJ,OHL,SZTF
RGR2V1BCEC,2.02304E+13,50500.57,123456,Westlands,Nairobi,58548.01,2.54123E+11,ZUROC,BMV,KNXP
R58MF0W26S,2.02312E+13,96911.32,6789012,Thika,Kiambu,56788.99,2.54123E+11,JLCNJ,FPN,EBGH
RXBZ6TTMQY,2.02312E+13,78021.9,7890123,Garden City,Nairobi,1827.8,2.54123E+11,XIXIL,DEW,ZMZA
RMNUH4HDJC,2.02307E+13,34962.92,8901234,Ruiru,Kiambu,33047.02,2.54123E+11,HSQWB,KSR,DKOM
RK6SAPFQRF,2.02304E+13,10086.98,4567890,Juja,Kiambu,66541.46,2.54123E+11,YJAPJ,OIV,OJXB
RRDREMN3AV,2.02303E+13,49577.64,1234567,Kilimani,Nairobi,16115.41,2.54123E+11,ZCVZK,LCV,YFNG
RZYJ2TTHJY,2.02303E+13,67613.29,4567890,Juja,Kiambu,23167.39,2.54123E+11,VVNTP,MQX,UIEB
RQDSNJUVB8,2.02309E+13,43726.1,4567890,Juja,Kiambu,28847.95,2.54123E+11,LEGPC,ZRZ,WAEJ
RFZ41XBWPE,2.0231E+13,25650.53,4567890,Juja,Kiambu,15026.12,2.54123E+11,UOWBJ,MTA,GMZA
RJIUBW4VVM,2.02305E+13,27174.87,9012345,Kasarani,Nairobi,14969.9,2.54123E+11,ONOHO,NIV,OMCZ
R6HGNPDCU1,2.02308E+13,35909.34,5678901,Githurai 45,Nairobi,78166.64,2.54123E+11,KLIWH,HYE,LRTO
RGMUBJTRDV,2.02309E+13,11271.64,3456789,Roysambu,Nairobi,51659.57,2.54123E+11,JODHQ,DOR,FAZM
RE6E1315IP,2.02301E+13,4863.2,123456,Westlands,Nairobi,88885.53,2.54123E+11,XPQVZ,JEK,WYFD
R60VXN93O1,2.02309E+13,79426.03,2345678,Langata,Nairobi,45071.3,2.54123E+11,YJSLC,AUQ,YYUR
RUCEJ24CW1,2.02312E+13,77066.53,4567890,Juja,Kiambu,99140.08,2.54123E+11,ACFZT,FJW,KNKZ
RDTINZM1VS,2.02312E+13,24329.27,3456789,Roysambu,Nairobi,94817.93,2.54123E+11,JQPWD,NXE,PSMJ
RNP2PVEWJ9,2.02312E+13,97379.85,4567890,Juja,Kiambu,54898.25,2.54123E+11,YTQLQ,WAP,RQIS
RL8ZND1WHS,2.02303E+13,37528.69,1234567,Kilimani,Nairobi,60905.44,2.54123E+11,SWJUV,YCU,BWHM
RLBC7YZ33U,2.02301E+13,31740.71,123456,Westlands,Nairobi,78692.87,2.54123E+11,LPHEV,VOZ,LCOE
RD1SD0VEQL,2.02301E+13,47990.04,7890123,Garden City,Nairobi,54711.77,2.54123E+11,GMXYP,EJM,HLLT
R10QJY5X5Q,2.02306E+13,19591.41,2345678,Langata,Nairobi,55232.34,2.54123E+11,ZMVVZ,HBR,XOHO
RR1C6A1ZS5,2.02301E+13,76524.71,2345678,Langata,Nairobi,20619.84,2.54123E+11,GOPKQ,FRU,XARW
RNVEY79VBE,2.02306E+13,38707.97,8901234,Ruiru,Kiambu,25986.99,2.54123E+11,MUINT,GNA,GBFI
R5KRRDDAK6,2.02305E+13,96679.29,2345678,Langata,Nairobi,53590.75,2.54123E+11,FLZIX,OTW,WOHS
RH5DW5L6PD,2.02301E+13,61356.31,3456789,Roysambu,Nairobi,92773.37,2.54123E+11,FNWCX,YVP,GUJB
R942FV7YLY,2.02301E+13,20847.37,7890123,Garden City,Nairobi,87350.14,2.54123E+11,EEMXA,MXL,GZVU
RN11C8JPIJ,2.02307E+13,37702.93,6789012,Thika,Kiambu,61774.87,2.54123E+11,RGFLK,SNE,KBNE
RY7CAILZ61,2.02312E+13,30304.6,2345678,Langata,Nairobi,12088.58,2.54123E+11,TTBDY,EOV,YJDX
R88QJY15ET,2.02304E+13,93117.01,2345678,Langata,Nairobi,10454.56,2.54123E+11,YTYNN,FMF,YHBN
RAHNYANHJN,2.02301E+13,1387.74,123456,Westlands,Nairobi,63419.7,2.54123E+11,YQCMY,FFX,FUVO
RE5GJ9D2GQ,2.02312E+13,55472.74,9012345,Kasarani,Nairobi,27633.68,2.54123E+11,EXLGD,PFS,PCTR
R7O3EUN3ZP,2.02309E+13,44248.9,3456789,Roysambu,Nairobi,25370.44,2.54123E+11,JYFII,ZWP,MVSY
RDQNGSYZQ5,2.02308E+13,32833.36,8901234,Ruiru,Kiambu,83154.43,2.54123E+11,DRQVE,NIG,POJC
R07DUMXVGF,2.02307E+13,2648.35,8901234,Ruiru,Kiambu,35380.53,2.54123E+11,VZMEP,XCD,TJLH
RIWITHI8SO,2.02309E+13,34001.24,1234567,Kilimani,Nairobi,21194.04,2.54123E+11,YHDTC,BAF,HHSV
R7OXEQFHRX,2.02308E+13,89557.37,1234567,Kilimani,Nairobi,33740.44,2.54123E+11,KGEXJ,VOZ,RSVL
R2LHEA8I3C,2.02301E+13,90763.4,4567890,Juja,Kiambu,70652.01,2.54123E+11,IHGVE,PUF,UUNT
RHV90MYG7U,2.02304E+13,73328.14,6789012,Thika,Kiambu,3816.1,2.54123E+11,VSRHJ,JCC,EVEA
RVQAGU3S47,2.02304E+13,60073.25,9012345,Kasarani,Nairobi,45101.36,2.54123E+11,JMEFT,GSK,ZCIU
R9G6BHARZ2,2.0231E+13,31621.98,2345678,Langata,Nairobi,9349.24,2.54123E+11,NFWNT,XLD,FBNT
RND35LSS4R,2.02312E+13,9889.72,7890123,Garden City,Nairobi,11109.5,2.54123E+11,CBXPH,TBJ,SBWT
R0N3BBC1FP,2.02301E+13,40160.25,123456,Westlands,Nairobi,10839.42,2.54123E+11,WYJVE,KKM,BNMJ
RRB9HR3VKH,2.02306E+13,14085.4,4567890,Juja,Kiambu,56585.87,2.54123E+11,IYSPM,KGQ,MJJS
RLHXQRMY6C,2.02305E+13,17901.85,2345678,Langata,Nairobi,54035.87,2.54123E+11,QVSCH,HIQ,PROX
RJ8ZLAU6Z9,2.02308E+13,65607.07,9012345,Kasarani,Nairobi,38861.74,2.54123E+11,HJPPF,TJI,ANQM
R1JPAZP6L8,2.02302E+13,92274.9,5678901,Githurai 45,Nairobi,2621.53,2.54123E+11,EXKNK,QQW,KHWE
RHR2FKHOS0,2.02305E+13,5477.47,4567890,Juja,Kiambu,91867.4,2.54123E+11,CJHEN,ZBC,IHGY
RDJA4K19ZP,2.02305E+13,61819.18,9012345,Kasarani,Nairobi,87661.91,2.54123E+11,LYJVG,NPX,JYRU
RREE4PPFG7,2.02309E+13,60750.18,3456789,Roysambu,Nairobi,60523.35,2.54123E+11,MJATV,AXH,AZOQ
R16A2Y2NOF,2.02303E+13,62788.77,123456,Westlands,Nairobi,88280.52,2.54123E+11,AKZJU,BIN,REEG
RLJ15RTJ0W,2.02306E+13,20776.25,3456789,Roysambu,Nairobi,19493.07,2.54123E+11,CCMJX,APD,XNJV
R3BQ6VZU9R,2.02302E+13,23382.94,2345678,Langata,Nairobi,42047.27,2.54123E+11,EASWI,RWK,SYJP
RTSZ3LJ89U,2.02308E+13,88626.9,8901234,Ruiru,Kiambu,95080.83,2.54123E+11,UMFIZ,HUU,NUYO
RJ5NBY92ZN,2.02306E+13,89418.14,3456789,Roysambu,Nairobi,79483.5,2.54123E+11,GRZYT,JWP,XSFY
RHAAB0NGW7,2.02312E+13,68251.02,1234567,Kilimani,Nairobi,7412.13,2.54123E+11,SIMPP,MPQ,OTEI
RE0J0QAC9O,2.02302E+13,44440.18,3456789,Roysambu,Nairobi,92455.54,2.54123E+11,KYSNO,TMO,HOYI
RIOD4DJUSY,2.02302E+13,47485.63,5678901,Githurai 45,Nairobi,45355.04,2.54123E+11,XRYYR,WIP,LTZM
RGK70GCTFL,2.02302E+13,77244.67,6789012,Thika,Kiambu,12286.9,2.54123E+11,TFZIS,BVH,SMAW
RXYKQ97ZM9,2.02305E+13,22919.35,3456789,Roysambu,Nairobi,90802.33,2.54123E+11,IZMIK,CFD,YAVP
RBSG974LTA,2.02305E+13,10840.35,3456789,Roysambu,Nairobi,55953.83,2.54123E+11,HZKPQ,KXA,FKGP
RD7NFBB5ZW,2.02301E+13,12523.58,3456789,Roysambu,Nairobi,65412.29,2.54123E+11,CWOCE,UBU,TQPB
RI3PRS8DUH,2.02305E+13,5585.34,1234567,Kilimani,Nairobi,84226.18,2.54123E+11,FULGG,IDL,EHOA
RH2M1DBIPB,2.02308E+13,9468.54,7890123,Garden City,Nairobi,42702.73,2.54123E+11,VXVNV,UIJ,LGHG
RCI5NYSOEU,2.02303E+13,24347.34,7890123,Garden City,Nairobi,11938.92,2.54123E+11,EHIHY,HZD,CJQO
R2LHVKMFUT,2.02308E+13,66878.5,5678901,Githurai 45,Nairobi,32918.34,2.54123E+11,JOYYX,ZET,DSGU
RXTGKS54SB,2.02307E+13,73675.52,1234567,Kilimani,Nairobi,5761.61,2.54123E+11,VPGXG,VBE,CYLQ
RUV47ON3TX,2.02303E+13,81791.93,9012345,Kasarani,Nairobi,43274.74,2.54123E+11,WDJVI,MGW,DOFR
RV932FRR3Y,2.02301E+13,92207.08,6789012,Thika,Kiambu,90341.64,2.54123E+11,NNHWV,YKM,CBBE
RSPO3AC881,2.02311E+13,80637.39,2345678,Langata,Nairobi,71155.11,2.54123E+11,PLFXZ,KLH,QPHH
RLAHEF1UVF,2.02306E+13,30743.52,5678901,Githurai 45,Nairobi,2853.33,2.54123E+11,BXMRF,RSN,MCUG
R24BFLBVKN,2.02311E+13,82960.7,9012345,Kasarani,Nairobi,14277.98,2.54123E+11,CIKMC,HES,IJBD
RQKUG1FWE4,2.02302E+13,97466.52,8901234,Ruiru,Kiambu,75409.12,2.54123E+11,YJEUE,ZGU,FBFD
RR4BZGE1B8,2.0231E+13,17499.43,8901234,Ruiru,Kiambu,22653.09,2.54123E+11,ARVIO,ZTW,XWLO
R0H3N8L4TW,2.02312E+13,1346.26,8901234,Ruiru,Kiambu,66446.36,2.54123E+11,KTJHX,RUS,HTSV
RNNRV4HM0S,2.02312E+13,29796.77,7890123,Garden City,Nairobi,50442.98,2.54123E+11,OJCGF,WNN,BHXR
RYRX7XZMG7,2.0231E+13,70264.18,5678901,Githurai 45,Nairobi,47139.28,2.54123E+11,GIABI,GJZ,PFEQ
RRTKT6KMP5,2.02306E+13,52409.51,1234567,Kilimani,Nairobi,53114.18,2.54123E+11,KRRSH,SAZ,BATJ
RIYFQF0HPF,2.02309E+13,81874.38,8901234,Ruiru,Kiambu,47914.9,2.54123E+11,OIYFR,HVP,ADWV
RGPW2Z9YZA,2.02306E+13,88774.2,5678901,Githurai 45,Nairobi,98574.08,2.54123E+11,JDVKN,WUQ,CJPO
RE6ZRZZXJE,2.02311E+13,76819.63,1234567,Kilimani,Nairobi,39426.26,2.54123E+11,FUINP,NER,ARYW
R4O5E8DU6A,2.02302E+13,74394.75,6789012,Thika,Kiambu,96501.36,2.54123E+11,QSQEN,PSN,SVWE
RXITRTH4T4,2.02303E+13,21672.81,123456,Westlands,Nairobi,12802.72,2.54123E+11,YGVPP,RLK,VTHN
RHC3QPY4WE,2.0231E+13,42345.92,1234567,Kilimani,Nairobi,60095.4,2.54123E+11,VAVBE,XVZ,QSXL
RIW845XTX3,2.02307E+13,38244.32,3456789,Roysambu,Nairobi,69381.88,2.54123E+11,HUVTP,NJX,XNEB
R2VHBKR0AL,2.02302E+13,34008.23,3456789,Roysambu,Nairobi,59174.81,2.54123E+11,YFVAK,HFF,WOBG
R4ZUSX27X5,2.0231E+13,76908.72,5678901,Githurai 45,Nairobi,68156.38,2.54123E+11,KEKLM,ZFW,RAZN
RD9ZP7E9CI,2.02304E+13,35204.01,9012345,Kasarani,Nairobi,49962.41,2.54123E+11,JBBSZ,ICR,RIMK
RALWEKTK7J,2.02301E+13,4288.27,5678901,Githurai 45,Nairobi,82241.06,2.54123E+11,GZQKY,NNO,UENX
RSX0ANT3RM,2.02307E+13,36520.9,3456789,Roysambu,Nairobi,88020.59,2.54123E+11,GVTKD,LGA,THLH
RX0HQ6ZVMP,2.02303E+13,80983.97,3456789,Roysambu,Nairobi,55381.26,2.54123E+11,VFLYF,MCQ,SJFX
R7836W1HP7,2.02305E+13,49460.99,2345678,Langata,Nairobi,21999.96,2.54123E+11,EBBMQ,UWA,XAIT
RTWM4TX191,2.02311E+13,46932.75,4567890,Juja,Kiambu,93415.22,2.54123E+11,GPPFM,MAO,RPYO
R78UU6UBXW,2.02301E+13,21471.03,3456789,Roysambu,Nairobi,53828.52,2.54123E+11,JMDTD,JKO,KWBC
RBTI05IKTU,2.02309E+13,72047.69,2345678,Langata,Nairobi,51305.79,2.54123E+11,OWJLA,WAU,CCWF
R5IS8HYN9M,2.02312E+13,32445.09,4567890,Juja,Kiambu,18764.66,2.54123E+11,VFBVQ,AFQ,CIHK
R8FM5JEMGB,2.02307E+13,98127.89,4567890,Juja,Kiambu,39882.75,2.54123E+11,IVKML,OKW,DKAZ
R1SOI46AFC,2.02308E+13,26360.22,5678901,Githurai 45,Nairobi,3322.42,2.54123E+11,ROHID,APS,IUBM
RZJZGVWPHN,2.02302E+13,21797.87,4567890,Juja,Kiambu,45935.18,2.54123E+11,PKNLF,TMR,WVXP
R36VEY5C13,2.02302E+13,60416.05,7890123,Garden City,Nairobi,47277.72,2.54123E+11,LDQFI,AGG,UUFB
RE1YY54K7S,2.02301E+13,21860.3,5678901,Githurai 45,Nairobi,30736.84,2.54123E+11,XMFKK,VYC,JENQ
RZ8Z18DIB2,2.02306E+13,4431.68,6789012,Thika,Kiambu,85461.61,2.54123E+11,RBROW,MLC,WUXH
R3PVMNC7Q6,2.02304E+13,93923.96,8901234,Ruiru,Kiambu,23716.75,2.54123E+11,HJNRC,ZEX,XDHV
RBSO3GRJXL,2.02301E+13,37969.65,5678901,Githurai 45,Nairobi,60321.12,2.54123E+11,XLEQZ,HOR,RGGM
RIMYUZJYLI,2.02305E+13,20234.37,9012345,Kasarani,Nairobi,18301.89,2.54123E+11,OWTRI,HMZ,GBHM
R5UI3AYXTQ,2.02302E+13,12154.69,5678901,Githurai 45,Nairobi,84431.61,2.54123E+11,MOWFU,TVY,ONFF
R09AKLPW3X,2.02307E+13,20740.02,8901234,Ruiru,Kiambu,26966.01,2.54123E+11,HZKGZ,GOJ,AIOC
RTJTWHOURP,2.0231E+13,16944.57,123456,Westlands,Nairobi,63926.47,2.54123E+11,HDQXG,JCI,HNSK
RVVL1M9QH4,2.02301E+13,87519.69,6789012,Thika,Kiambu,3653.58,2.54123E+11,UZJYD,ZOA,UFLN
RH34638J9L,2.02312E+13,11739.7,1234567,Kilimani,Nairobi,83120.99,2.54123E+11,AOFHK,JLA,NHAG
R5FU51Z6AO,2.02306E+13,20771.47,3456789,Roysambu,Nairobi,69457.32,2.54123E+11,RZFYZ,VJW,QDWP
RR2NC6XHVK,2.02305E+13,88882.5,5678901,Githurai 45,Nairobi,51849.95,2.54123E+11,FTHFS,YGQ,QCRA
RDBFQFGGUP,2.0231E+13,33187.17,1234567,Kilimani,Nairobi,73995.23,2.54123E+11,EZCUE,VWI,ATYN
RK94X8CYR0,2.02312E+13,76649.07,7890123,Garden City,Nairobi,46445.76,2.54123E+11,RODOV,SDF,UFXB
RZEHBL6LWV,2.02312E+13,83098.86,6789012,Thika,Kiambu,21955.17,2.54123E+11,IJQSY,YFY,WEXZ
R0T1FD0W3Y,2.02305E+13,75720.27,7890123,Garden City,Nairobi,31506.03,2.54123E+11,PMRVE,YXF,DFNS
RXRCRSSN1K,2.02308E+13,33143.31,9012345,Kasarani,Nairobi,13001.38,2.54123E+11,RMAQU,ONA,JWQQ
RKYVJG0MA8,2.02309E+13,40939.73,2345678,Langata,Nairobi,16596.21,2.54123E+11,AWLLF,ERB,KELL
R0JLXVZWY5,2.02305E+13,54821.86,8901234,Ruiru,Kiambu,23224.89,2.54123E+11,FSPCZ,CWB,ZQOM
RRTDHC974M,2.02308E+13,3439.19,2345678,Langata,Nairobi,72154,2.54123E+11,UOFXA,DYI,NPPY
RRWI8SSYZE,2.02307E+13,47366.61,7890123,Garden City,Nairobi,72914.41,2.54123E+11,AHLQX,IAD,PSPW
RR0SGEDW3E,2.02302E+13,88255.27,8901234,Ruiru,Kiambu,49670.66,2.54123E+11,ULUSM,GME,MJKX
RY8XQGC98B,2.02311E+13,87434.89,2345678,Langata,Nairobi,28572.29,2.54123E+11,ZGJXP,COD,BYUE
RB0OX4QBID,2.02307E+13,41.19,2345678,Langata,Nairobi,87961.27,2.54123E+11,WISCS,IXT,IGHU
RPTVXDAZZL,2.02304E+13,84621.19,123456,Westlands,Nairobi,51830.94,2.54123E+11,XOJGD,ESB,XDVR
R7VUNJR3KR,2.02303E+13,43628.62,5678901,Githurai 45,Nairobi,17491.15,2.54123E+11,SEUHC,JNM,YKAK
R0NYLO3TC7,2.02301E+13,6465.07,1234567,Kilimani,Nairobi,14533.27,2.54123E+11,GGQKK,UTF,SFXQ
R1LB00J3NK,2.02309E+13,76614.37,9012345,Kasarani,Nairobi,40978.59,2.54123E+11,RYCLZ,WIR,KJDN
R0QAD2PNTT,2.02305E+13,27971.42,9012345,Kasarani,Nairobi,50013.26,2.54123E+11,EYUZP,CFJ,OMKS
RK73HO0820,2.02308E+13,48511.9,2345678,Langata,Nairobi,94003.32,2.54123E+11,XHCMA,OTY,RHJE
RBHTASFEKI,2.02307E+13,95698.95,5678901,Githurai 45,Nairobi,47862.99,2.54123E+11,HTZIT,CMJ,LBBM
RVVQL3GWLR,2.02304E+13,12544.58,5678901,Githurai 45,Nairobi,36439.61,2.54123E+11,YLYDF,KUY,TXEW
RZ55N4J6CU,2.02304E+13,39002.94,3456789,Roysambu,Nairobi,44549.45,2.54123E+11,MWSDY,UXS,JMTA
RWUN3XPR55,2.02312E+13,83715.23,9012345,Kasarani,Nairobi,42047.66,2.54123E+11,OPLHD,LPH,OKOM
R6CYF5F4EY,2.0231E+13,36842.72,5678901,Githurai 45,Nairobi,45672.72,2.54123E+11,BPOKH,BPD,ZJSC
RJIHOD857L,2.02311E+13,47842.15,7890123,Garden City,Nairobi,42340.37,2.54123E+11,ZHVIY,YCP,GIEX
RCL295O4GO,2.02311E+13,61388.73,6789012,Thika,Kiambu,30555.68,2.54123E+11,UMUPU,PHW,JLWY
RWXUUGDY3B,2.02304E+13,87009.62,7890123,Garden City,Nairobi,45623.1,2.54123E+11,KGZSW,RSC,BHGJ
RLY95ZEOD4,2.02301E+13,69264.31,3456789,Roysambu,Nairobi,84947.63,2.54123E+11,NGPRR,UCN,JSVZ
RH93B1EYL0,2.02303E+13,82108.35,9012345,Kasarani,Nairobi,49655.06,2.54123E+11,CLMDN,BKI,ZPZV
RKXZ786E6Q,2.02308E+13,3215.27,4567890,Juja,Kiambu,45056.29,2.54123E+11,FEDKW,CXT,EFEO
RING71N4NG,2.02302E+13,94420.49,5678901,Githurai 45,Nairobi,39562.68,2.54123E+11,RRXZA,LKA,AVTZ
RCIIWUQSLZ,2.0231E+13,15906.45,1234567,Kilimani,Nairobi,69080.23,2.54123E+11,YFXXJ,JED,WTQR
RFR7EKJKCQ,2.02311E+13,95076.69,5678901,Githurai 45,Nairobi,84705.38,2.54123E+11,NXLDE,ERA,LZEL
R177EEVL9M,2.02306E+13,42985.13,4567890,Juja,Kiambu,3509.15,2.54123E+11,PSYUO,SUJ,VSEN
RGHDDPEPZU,2.02306E+13,59205.79,1234567,Kilimani,Nairobi,83066.1,2.54123E+11,QYCXW,EEG,RGKT
RH9KQAZ039,2.02305E+13,53182.78,1234567,Kilimani,Nairobi,56519.47,2.54123E+11,TTPVE,EVX,ANJM
R5S64I9HBG,2.02307E+13,54577.54,7890123,Garden City,Nairobi,61794.58,2.54123E+11,PFAJG,WZF,ITWH
RDLF68DUTM,2.02307E+13,94604.4,3456789,Roysambu,Nairobi,40016.39,2.54123E+11,NSFYV,CLI,ZSHJ
RA3LH6HOSS,2.02311E+13,86002.6,6789012,Thika,Kiambu,49685.5,2.54123E+11,EQIKU,NZA,LRRJ
RYYJBCDVVJ,2.02312E+13,51643.48,123456,Westlands,Nairobi,90812.83,2.54123E+11,CKFIO,FOG,MMCN
RPCSPT0IT9,2.02303E+13,54716.06,4567890,Juja,Kiambu,5120.86,2.54123E+11,EHSXP,IUK,SARG
RAI2SU6DIW,2.0231E+13,8403.41,2345678,Langata,Nairobi,81840.36,2.54123E+11,XFVBQ,XTE,CSCK
RZ3AMXQ8QY,2.02312E+13,70837.8,4567890,Juja,Kiambu,56842.91,2.54123E+11,WINZG,APC,JVMO
RR9T9OK34N,2.02312E+13,14279.1,4567890,Juja,Kiambu,81037.11,2.54123E+11,GFHWV,UUR,AIHO
R9JCOOSGSE,2.02307E+13,4587.83,3456789,Roysambu,Nairobi,63195.59,2.54123E+11,OEPMS,YTX,XHNK
RADGJOPR9K,2.02301E+13,78774.51,5678901,Githurai 45,Nairobi,78869.1,2.54123E+11,KIEMI,TXQ,IQOP
R7WMXS62P3,2.02301E+13,72067.43,123456,Westlands,Nairobi,48275.87,2.54123E+11,AAVSN,ANN,NILK
RR8873M83Y,2.02305E+13,44647.43,3456789,Roysambu,Nairobi,88719.72,2.54123E+11,FCQDQ,DCI,HVHJ
R9N0LUFMHZ,2.02302E+13,63851.95,4567890,Juja,Kiambu,64934.05,2.54123E+11,THMHS,OOO,ZHIW
RQ15OBWMAA,2.02309E+13,9058.12,1234567,Kilimani,Nairobi,47685.94,2.54123E+11,UXSXF,LQN,OKLF
RS2N3K1LYB,2.02311E+13,69727.83,2345678,Langata,Nairobi,40753.68,2.54123E+11,QQXVZ,QXW,RGWE
R3MQ3CUFUE,2.02303E+13,46543.37,2345678,Langata,Nairobi,12647.58,2.54123E+11,SECIV,ATW,RZLL
RHJIWV5ICS,2.02306E+13,59546.93,6789012,Thika,Kiambu,47062.79,2.54123E+11,NGFLD,ENO,YHYS
R9Q8GWOMBO,2.0231E+13,77760.62,3456789,Roysambu,Nairobi,94226.28,2.54123E+11,LVESC,KZD,FQZC
RDSU1QGGFJ,2.02307E+13,8533.08,6789012,Thika,Kiambu,92568.95,2.54123E+11,HZHIB,RPI,APTV
RO94UZOCMS,2.02304E+13,35168.17,9012345,Kasarani,Nairobi,95367.62,2.54123E+11,ELUPI,TGS,VYTK
R02CZUDKOQ,2.02307E+13,92122.6,3456789,Roysambu,Nairobi,18453.83,2.54123E+11,LSUTK,RRE,LXMS
RY876L8RFW,2.02302E+13,50487.79,123456,Westlands,Nairobi,45165.14,2.54123E+11,NNNUN,HLM,ZUAH
R3B439F0VS,2.02301E+13,47936.33,2345678,Langata,Nairobi,10690.78,2.54123E+11,ZUJND,GXL,CYTJ
R3H6SAP92J,2.02306E+13,21901.98,3456789,Roysambu,Nairobi,20819.11,2.54123E+11,LHHIQ,IXC,MCQW
RXQUCP7JTZ,2.02301E+13,33620.35,6789012,Thika,Kiambu,68924.23,2.54123E+11,WKZMO,SQG,SJTB
R3CUGW35GU,2.02308E+13,29381.76,7890123,Garden City,Nairobi,77002.97,2.54123E+11,UXYUH,YFY,BLAG
RBPDTBTBR4,2.02311E+13,20984.6,3456789,Roysambu,Nairobi,35866.67,2.54123E+11,QWBZY,YKG,WLQE
R087VYJ5PX,2.02308E+13,11181.95,6789012,Thika,Kiambu,92241.94,2.54123E+11,DTPXI,HJG,DVAJ
RQ1KAELFD6,2.02312E+13,17359.73,8901234,Ruiru,Kiambu,66255.39,2.54123E+11,JKUMA,UDV,NYNM
RCJ20FJJSI,2.02302E+13,17315.91,6789012,Thika,Kiambu,27999.63,2.54123E+11,YFPGS,AHQ,CXRU
R20ADDNRAY,2.02302E+13,86680.21,123456,Westlands,Nairobi,43735.89,2.54123E+11,JBGTT,FVD,PMRR
RHS6KHNQP0,2.02304E+13,88207.6,2345678,Langata,Nairobi,25735.85,2.54123E+11,LFMSV,MQF,VLYR
RT6D3EXKLJ,2.02307E+13,68530.29,1234567,Kilimani,Nairobi,43776.94,2.54123E+11,GFFQT,ZQH,XJVS
ROVI9FBWVC,2.02309E+13,56671.13,2345678,Langata,Nairobi,17889.95,2.54123E+11,CXZKU,RLH,WNPM
RP7DV4T7WT,2.02309E+13,79178.55,8901234,Ruiru,Kiambu,95553.18,2.54123E+11,VZIYA,KSZ,LPAY
R979ZFN1HI,2.02301E+13,87796.04,4567890,Juja,Kiambu,83777.52,2.54123E+11,FGFMT,DFM,FSNY
RFKOGGY4B9,2.02308E+13,45003.27,9012345,Kasarani,Nairobi,25990.97,2.54123E+11,ZCJQJ,LWP,WCAO
RNYKCMZXNU,2.02305E+13,44179.29,3456789,Roysambu,Nairobi,97951.46,2.54123E+11,TDNWF,PAN,NHTF
RIWIFTE74W,2.02301E+13,9841.15,3456789,Roysambu,Nairobi,52837.39,2.54123E+11,IOGVC,DIS,ZHMW
RLMXLZCU80,2.02307E+13,68627.49,4567890,Juja,Kiambu,19735.31,2.54123E+11,QPJRL,XLB,VHXY
R656NBI0X4,2.02305E+13,27329.63,1234567,Kilimani,Nairobi,237.82,2.54123E+11,RQTRA,XRS,DNYK
RMADW6WAV2,2.0231E+13,60299.1,6789012,Thika,Kiambu,69986.5,2.54123E+11,ZYSLY,SXY,FLQE
R61EL83313,2.02308E+13,8234.61,3456789,Roysambu,Nairobi,91240.3,2.54123E+11,PYJHN,IFC,QQTF
REST6A3O77,2.02309E+13,1711.1,6789012,Thika,Kiambu,6204.99,2.54123E+11,EGHLF,PJA,IECO
RT6L76U40C,2.02307E+13,40862.24,6789012,Thika,Kiambu,42996.85,2.54123E+11,XRFVK,JBX,EEEE
RV7S3SM91Y,2.02308E+13,70616.98,5678901,Githurai 45,Nairobi,4125.82,2.54123E+11,AVFIX,QJJ,FONV
RFZBHG1EJ0,2.02306E+13,61166.93,2345678,Langata,Nairobi,58626.08,2.54123E+11,DMILK,GSP,TSDK
RGC2UTHM8L,2.02308E+13,88377.97,4567890,Juja,Kiambu,85594.9,2.54123E+11,LDXTQ,SKJ,LNIM
RJFHHEV3ET,2.02304E+13,48982.69,9012345,Kasarani,Nairobi,19990.32,2.54123E+11,ZBCRH,YHC,NGZX
RVOHZUGUVF,2.02304E+13,18795.92,8901234,Ruiru,Kiambu,44852.05,2.54123E+11,ENKHE,BCL,OJYJ
RNTKY0USEO,2.02305E+13,17480.28,1234567,Kilimani,Nairobi,71265.04,2.54123E+11,XBVBN,SJJ,ENMY
RLB3829WRN,2.02306E+13,423.82,9012345,Kasarani,Nairobi,76124.59,2.54123E+11,LHQTE,NAV,YFDV
R9S8R11FP0,2.02312E+13,64064.3,8901234,Ruiru,Kiambu,9185.66,2.54123E+11,PWIGT,NPZ,WTLE
R6WBHABITT,2.02304E+13,88761.57,7890123,Garden City,Nairobi,9401.89,2.54123E+11,NEUVU,WDM,QQML
RPGOTG9FLP,2.02307E+13,99670.39,5678901,Githurai 45,Nairobi,76950.11,2.54123E+11,JKNFK,SXZ,IVVX
RTDK4EWLPJ,2.02305E+13,90421.15,4567890,Juja,Kiambu,56116.61,2.54123E+11,AJXCJ,ZAM,DWFZ
R0RW2T720A,2.02305E+13,62538.42,5678901,Githurai 45,Nairobi,99279.02,2.54123E+11,KFFRS,ENH,DBUZ
RGRTZALU0C,2.0231E+13,67241.05,6789012,Thika,Kiambu,61348.23,2.54123E+11,DSIIZ,TWM,VCIO
R2QVTXFV4V,2.02308E+13,84344.08,9012345,Kasarani,Nairobi,81822.88,2.54123E+11,VWSDZ,RIZ,PLIC
R9U5GJ94BZ,2.02305E+13,72130.26,6789012,Thika,Kiambu,38213.75,2.54123E+11,DZLZN,ABP,SPZD
RZN8FMY01W,2.02306E+13,93707.72,9012345,Kasarani,Nairobi,31665.58,2.54123E+11,MEVLO,HXR,XVTA
RZUXTYCAQR,2.02309E+13,33272.44,8901234,Ruiru,Kiambu,72846.12,2.54123E+11,WHOLJ,HSE,MTHR
R62X77R07L,2.02309E+13,14238.94,1234567,Kilimani,Nairobi,26313.16,2.54123E+11,JACLP,XCZ,PPDF
RVRQ3VC96K,2.02302E+13,74204.05,7890123,Garden City,Nairobi,72572.6,2.54123E+11,DBCGV,IML,PSOT
RCZICZ2MZV,2.02303E+13,79774.21,4567890,Juja,Kiambu,9918.69,2.54123E+11,OBHMY,AJV,KGKD
RGO89LYP34,2.02303E+13,57173.44,1234567,Kilimani,Nairobi,55639.74,2.54123E+11,LRRFD,SOS,IMLU
RC9YB3HDHC,2.02303E+13,73502.42,4567890,Juja,Kiambu,199.24,2.54123E+11,ABQEN,TDD,EVJT
RSD4JLQ2CF,2.02306E+13,61077.5,9012345,Kasarani,Nairobi,92351.1,2.54123E+11,YYPML,WOK,ZCFL
R7C14YGM5A,2.02304E+13,55670.36,6789012,Thika,Kiambu,62453.72,2.54123E+11,MXHDB,WBB,AMRJ
R1XTE7YAOH,2.02302E+13,3282.94,1234567,Kilimani,Nairobi,32259.79,2.54123E+11,BFCQL,GGE,XTFF
R5X7ZH8NY4,2.02305E+13,34998.31,6789012,Thika,Kiambu,47473.4,2.54123E+11,HUOUY,HNM,DSFW
R02AUFD4BG,2.02306E+13,64025.71,123456,Westlands,Nairobi,69673.86,2.54123E+11,TPOJS,LZT,YLSZ
RYEAT3HBIO,2.02308E+13,82981.05,1234567,Kilimani,Nairobi,46405.94,2.54123E+11,ZQYCN,SVY,IOUE
RC3DQ08AEU,2.02304E+13,91032.47,5678901,Githurai 45,Nairobi,8198.88,2.54123E+11,NVZVK,ZSY,HBAP
R7ZH8K5J6S,2.02308E+13,18292.62,7890123,Garden City,Nairobi,37515.02,2.54123E+11,LHNQW,GDT,LWIO
RWTGBN0PIO,2.02312E+13,22994.01,1234567,Kilimani,Nairobi,8129.18,2.54123E+11,FLPDS,LSL,CQIM
RHM41WRFJT,2.02312E+13,36071.76,5678901,Githurai 45,Nairobi,73421.49,2.54123E+11,IWTWU,IHV,DIBX
RZP8PIO9UG,2.0231E+13,60180.68,6789012,Thika,Kiambu,62687.79,2.54123E+11,JGLZK,GLL,SCXW
RYAIQCRSX1,2.02311E+13,10807.47,6789012,Thika,Kiambu,53336.19,2.54123E+11,AHTTY,BUI,KVJB
RNQ8WYR8TW,2.02303E+13,39479.85,5678901,Githurai 45,Nairobi,90857.77,2.54123E+11,MJZDB,NRY,OHUM
RNKTSYPAFY,2.02301E+13,53644.07,4567890,Juja,Kiambu,72898.48,2.54123E+11,UUCIR,WJK,QGYQ
R8PY0X9735,2.02306E+13,8306.2,7890123,Garden City,Nairobi,15447.52,2.54123E+11,BIUND,DQF,YSEQ
RG7MKP7ZKF,2.02305E+13,39640.24,7890123,Garden City,Nairobi,98476.03,2.54123E+11,TGRTT,GTV,MYPR
RI49U54Z56,2.02312E+13,15825.44,2345678,Langata,Nairobi,66732.54,2.54123E+11,MBFIG,EWJ,DZBF
RZ8J66RY3R,2.02305E+13,15622.28,6789012,Thika,Kiambu,74827.04,2.54123E+11,TQDCZ,LQX,SHHW
RQ3XH89NET,2.02312E+13,20727.27,3456789,Roysambu,Nairobi,74968.44,2.54123E+11,SEJKE,EWJ,ODMR
RKM5ZDRHGU,2.02302E+13,3110.43,3456789,Roysambu,Nairobi,69397.89,2.54123E+11,VZQJY,WTH,JJYT
R0DEP0ZBNU,2.02308E+13,96606.75,9012345,Kasarani,Nairobi,95738.33,2.54123E+11,CLIJM,MNQ,FNQK
RC9OPRXT6P,2.0231E+13,38065.19,1234567,Kilimani,Nairobi,19770.12,2.54123E+11,HAUHP,KDK,TISH
RXQOPY8V83,2.02311E+13,67783.38,2345678,Langata,Nairobi,78288.81,2.54123E+11,JDJMD,YTX,VIOI
RPUCQGZNKK,2.0231E+13,33138.26,8901234,Ruiru,Kiambu,94239.83,2.54123E+11,WVEGJ,ZRM,XRFN
RNET41O2O6,2.02302E+13,85956.09,123456,Westlands,Nairobi,11210.6,2.54123E+11,BABFD,LDE,EOCT
RM4ZMQRK68,2.02312E+13,98923.71,7890123,Garden City,Nairobi,20608.58,2.54123E+11,OPQHH,COV,UPDT
RILBQRBBTE,2.02301E+13,77011.12,8901234,Ruiru,Kiambu,87907.42,2.54123E+11,LOESG,FHA,QFAG
RORSNX6A6Y,2.02301E+13,79906.4,4567890,Juja,Kiambu,44774.54,2.54123E+11,TLPXF,IET,YUDQ
RZGP0VF6LE,2.02306E+13,13883.25,9012345,Kasarani,Nairobi,93351.83,2.54123E+11,FVWEI,ANQ,SETN
R5Y2FBCAAJ,2.02306E+13,9022.4,5678901,Githurai 45,Nairobi,62905.27,2.54123E+11,CQDRQ,OJG,PGFN
R6HK8DM77F,2.02303E+13,83032.43,5678901,Githurai 45,Nairobi,84002,2.54123E+11,WJKLT,PHA,IXKG
R0P669JCL3,2.02305E+13,21367.51,8901234,Ruiru,Kiambu,67343.54,2.54123E+11,ICSQU,FCF,UCFJ
RMH2JRPMNN,2.02306E+13,22640.52,8901234,Ruiru,Kiambu,23370.04,2.54123E+11,PHVTM,EQL,JEPP
ROO12HXAF8,2.02309E+13,28644.96,2345678,Langata,Nairobi,70342.21,2.54123E+11,KTIJU,OBW,WVPR
RBRQFL2HHV,2.02311E+13,1294.14,123456,Westlands,Nairobi,72048.05,2.54123E+11,GECDK,IPS,POVD
RTF2U2MYXT,2.02311E+13,19901.06,2345678,Langata,Nairobi,64694.13,2.54123E+11,YXQQV,FRU,ZJZW
RKCU7JE6Z7,2.02304E+13,94319.94,8901234,Ruiru,Kiambu,50355.5,2.54123E+11,JEIJH,HYP,OQTP
R82E8ZROCP,2.02301E+13,84859.71,123456,Westlands,Nairobi,61840.34,2.54123E+11,LQMYO,KHM,LRBT
RVWHBYSIKY,2.02304E+13,49180.08,8901234,Ruiru,Kiambu,51768.73,2.54123E+11,UFLBY,CCX,JTRN
R9S4NI0Z9L,2.02302E+13,46522.7,123456,Westlands,Nairobi,91754.06,2.54123E+11,LOFVN,NUR,ZJGL
RPH9GL8FHL,2.02312E+13,38088.04,4567890,Juja,Kiambu,47322.24,2.54123E+11,NOTGP,NYL,UGIA
R3MN0MN5O9,2.02308E+13,7462.55,123456,Westlands,Nairobi,20901.35,2.54123E+11,VOEHX,SEX,KXOP
R6CMSNPD3L,2.02302E+13,59987.71,2345678,Langata,Nairobi,21959.37,2.54123E+11,JRUGZ,LBZ,YMKR
R5NP3W5JU7,2.02309E+13,293.01,3456789,Roysambu,Nairobi,34473.27,2.54123E+11,EIDVC,ZWP,HUIT
R1HCFKR4R2,2.02301E+13,23290.59,8901234,Ruiru,Kiambu,19427.66,2.54123E+11,SGLYG,VNE,GHJE
R03XEVVNB9,2.02307E+13,79891.62,5678901,Githurai 45,Nairobi,20999.42,2.54123E+11,KSYSR,HDJ,BRGW
R0SCOCF5AZ,2.0231E+13,43732.43,3456789,Roysambu,Nairobi,487.33,2.54123E+11,PMFHI,UYF,BFHZ
RYF0V01WKJ,2.02304E+13,60512.19,2345678,Langata,Nairobi,59054.25,2.54123E+11,SLMZL,EVI,FSNC
RFRJ4H8I1X,2.02309E+13,28099.84,3456789,Roysambu,Nairobi,99832.85,2.54123E+11,RGBEW,PLO,XQZL
R8FUGDR56T,2.02304E+13,39549.37,6789012,Thika,Kiambu,25336.94,2.54123E+11,NBIGA,TFB,UAQQ
RIL7JU1MM5,2.02301E+13,14353.1,5678901,Githurai 45,Nairobi,15449.44,2.54123E+11,TCEAW,ZNW,CLVG
RVDK5B4VRL,2.02301E+13,12914.97,8901234,Ruiru,Kiambu,32222.29,2.54123E+11,OERKU,KNL,DJPK
RSXPPMLLNW,2.02306E+13,33445.1,7890123,Garden City,Nairobi,6636.81,2.54123E+11,WQDGO,YZA,JEDK
RLFVQCGTPY,2.02312E+13,72588.65,5678901,Githurai 45,Nairobi,88153.06,2.54123E+11,OZQMW,MMB,GTKQ
RDM807LPEZ,2.02302E+13,15072.32,8901234,Ruiru,Kiambu,34603.92,2.54123E+11,IHPFS,THW,ZJXE
RT47ISCP3G,2.02301E+13,57676.92,1234567,Kilimani,Nairobi,22653.46,2.54123E+11,ZBUQM,NBX,JROU
R3WBRD7N6U,2.02311E+13,32198.64,2345678,Langata,Nairobi,32787.91,2.54123E+11,VWMWV,IDS,CPHT
RIE1SB698F,2.0231E+13,92703.62,7890123,Garden City,Nairobi,64144.05,2.54123E+11,EVBKQ,LII,OQDJ
RHNFPVUUKU,2.02302E+13,47803.36,123456,Westlands,Nairobi,14225.22,2.54123E+11,MFCRR,CHQ,HIOQ
RQ653C7HA1,2.02309E+13,29695.15,8901234,Ruiru,Kiambu,26678.04,2.54123E+11,IWTYN,RWZ,SNGG
RQZ9N7Q0EX,2.02301E+13,71876.67,2345678,Langata,Nairobi,32855.08,2.54123E+11,HAXTS,IVD,WBFR
RCQ21EU1BO,2.02312E+13,26693.33,1234567,Kilimani,Nairobi,55694.21,2.54123E+11,TJULI,CXV,YNHW
RX9YAPOL5V,2.02301E+13,30650.49,9012345,Kasarani,Nairobi,65158.46,2.54123E+11,EIOIG,NID,NJGA
RM6JKWMCM2,2.02306E+13,66064.79,4567890,Juja,Kiambu,66590.59,2.54123E+11,GKGCI,ISJ,WXAT
R450KSIJV0,2.02305E+13,16882.27,8901234,Ruiru,Kiambu,78268.03,2.54123E+11,FTBJZ,TTD,BTOE
R3PY2SVQS6,2.02307E+13,93283.21,3456789,Roysambu,Nairobi,67568.33,2.54123E+11,POLHH,SWA,JHVJ
RIL25T2LEF,2.02304E+13,69723.42,6789012,Thika,Kiambu,49776.84,2.54123E+11,XDFTQ,XXC,SPLI
RVCBIMFQAC,2.02308E+13,62034.78,9012345,Kasarani,Nairobi,57943.54,2.54123E+11,LIJTU,MQT,VUFR
R1GREXJGB7,2.02307E+13,15224.17,123456,Westlands,Nairobi,73645.86,2.54123E+11,BZRSE,BLI,OKVO
RHYWO451A4,2.02311E+13,24651.91,1234567,Kilimani,Nairobi,90350.37,2.54123E+11,FDQHV,QTX,VPBF
RMD1R90XAB,2.02303E+13,59105.31,2345678,Langata,Nairobi,61777.58,2.54123E+11,SPUCE,ATK,DAXI
RTU3HBIS9B,2.02307E+13,69988.25,1234567,Kilimani,Nairobi,59834.73,2.54123E+11,ULORI,QFS,LRZO
RKQXG15Z1U,2.02301E+13,15564.39,1234567,Kilimani,Nairobi,40636.64,2.54123E+11,RREKW,YJT,MOKV
RQZ6MB5G27,2.02304E+13,63796.85,7890123,Garden City,Nairobi,61289.92,2.54123E+11,TMIRZ,YGA,XPMI
RQIPXFTSEL,2.02303E+13,11075.99,5678901,Githurai 45,Nairobi,51786.95,2.54123E+11,VKUUZ,CET,XILJ
RRC6EZJ0RB,2.02308E+13,54044.17,3456789,Roysambu,Nairobi,22955.09,2.54123E+11,FPLJZ,OZQ,MIXQ
RETOK5AQ84,2.02308E+13,89908.72,2345678,Langata,Nairobi,54384.39,2.54123E+11,DGPSP,BOB,EXFY
RX4AWL7WYH,2.02312E+13,80710.12,3456789,Roysambu,Nairobi,52567.32,2.54123E+11,WGUYS,BMV,KQAA
RBOAZ7CYU4,2.02305E+13,87742.98,7890123,Garden City,Nairobi,23829.6,2.54123E+11,KTDQJ,BJV,VPAL
RGACGD46PI,2.02308E+13,89046.82,8901234,Ruiru,Kiambu,68633.05,2.54123E+11,IENOA,HQF,PKVH
RXV2JO6H2Y,2.02309E+13,59782.08,8901234,Ruiru,Kiambu,96428.93,2.54123E+11,BMAII,VGP,BKRP
R2F6UNHRE3,2.02306E+13,89202.11,2345678,Langata,Nairobi,46376.11,2.54123E+11,MXPTU,HNW,IPTT
RFWUO71E6T,2.02308E+13,23034.17,3456789,Roysambu,Nairobi,69018.98,2.54123E+11,SAKBU,URJ,THKX
RU47WXA98T,2.02305E+13,36955.53,3456789,Roysambu,Nairobi,94075.77,2.54123E+11,AHIKE,CIV,ZKZA
RF2CKR1XIZ,2.02307E+13,17653.57,123456,Westlands,Nairobi,76112.54,2.54123E+11,GNISZ,EPL,QJMK
RVLVXG3MTO,2.02302E+13,39397.36,8901234,Ruiru,Kiambu,3612.32,2.54123E+11,DOJDW,WLG,HACR
RVPLOHYLE1,2.02305E+13,91855.44,8901234,Ruiru,Kiambu,53371.94,2.54123E+11,COQZU,XNV,HTMN
RF7TQ0DEV4,2.0231E+13,61181.41,7890123,Garden City,Nairobi,17103.04,2.54123E+11,WKMYC,RFI,UZEM
RPTTVJ8MYQ,2.02306E+13,1082.12,4567890,Juja,Kiambu,60441.96,2.54123E+11,EVPKH,VQL,OECZ
RXOB6LAN7B,2.02308E+13,77415.93,123456,Westlands,Nairobi,74455.37,2.54123E+11,TETJO,MXO,UUYW
R2EBS78ER8,2.02302E+13,69127.46,8901234,Ruiru,Kiambu,41623.93,2.54123E+11,QZGSH,CXF,XPPW
RZ2QBGO6J1,2.02307E+13,17929.39,1234567,Kilimani,Nairobi,14094.15,2.54123E+11,LMPRC,YYG,WBNL
RL1XR6WKSK,2.02304E+13,42779.05,7890123,Garden City,Nairobi,98114.14,2.54123E+11,XEMQA,INE,FLYY
R2LX8IGSSU,2.02301E+13,66259.44,7890123,Garden City,Nairobi,43470.99,2.54123E+11,KUQXV,UTE,ROTI
R0XCATVB48,2.0231E+13,74620.06,2345678,Langata,Nairobi,93315.66,2.54123E+11,TUYIY,WPK,MMKB
RGJXUTHNYO,2.02309E+13,24717.4,9012345,Kasarani,Nairobi,4483.54,2.54123E+11,HDMQZ,FZQ,MYKS
RBZ2OXWD6B,2.02312E+13,75633.51,6789012,Thika,Kiambu,14823.29,2.54123E+11,AQJJJ,NHE,WXKE
R142KBCAHT,2.02306E+13,54765.85,123456,Westlands,Nairobi,68573.07,2.54123E+11,QLHBO,QGY,XTQO
R4M824GDAO,2.02301E+13,98454.94,5678901,Githurai 45,Nairobi,99798.67,2.54123E+11,PLTEF,QIP,JENS
RI1OJHX0YO,2.02305E+13,66941.62,1234567,Kilimani,Nairobi,95123.54,2.54123E+11,LSYCA,PGP,FMII
RJ8JEF5MQA,2.02309E+13,95690.65,7890123,Garden City,Nairobi,70115.35,2.54123E+11,QUJCT,YPB,ZUJI
R0O5G1N9KZ,2.02309E+13,13598.07,123456,Westlands,Nairobi,20.53,2.54123E+11,KPUSF,RHE,QYUV
RLJN4EPZOE,2.0231E+13,50333.92,6789012,Thika,Kiambu,9539.8,2.54123E+11,AMRXG,DXH,IQCQ
RJUEZ4DA1I,2.02308E+13,2085.12,1234567,Kilimani,Nairobi,12667.97,2.54123E+11,HQYTX,YWC,IPLI
RFFPCI64S6,2.02302E+13,66313.32,7890123,Garden City,Nairobi,1655.77,2.54123E+11,ULFZH,SDK,REQF
RC6FLI8YRV,2.02309E+13,60128.66,123456,Westlands,Nairobi,53816.23,2.54123E+11,ZEYJM,ZKW,LNPC
RRBI7FLQ30,2.02308E+13,35761.66,5678901,Githurai 45,Nairobi,20045.38,2.54123E+11,RENLO,APT,BSFV
RWS8WCHZ13,2.02306E+13,12263.87,2345678,Langata,Nairobi,41805.63,2.54123E+11,YGGDN,DWH,NPXO
RF3CCCAELH,2.02309E+13,58477.15,8901234,Ruiru,Kiambu,51693.74,2.54123E+11,SCFJV,TIK,RFVI
RL7K6YY4RG,2.02309E+13,36578.92,123456,Westlands,Nairobi,27156.74,2.54123E+11,WYIGG,FNF,JZCV
RQVJFQ5Q4O,2.02307E+13,99681.2,4567890,Juja,Kiambu,48792.57,2.54123E+11,SLXOM,QOE,TWUP
RH8GKT93LC,2.02306E+13,55462.33,123456,Westlands,Nairobi,3551.71,2.54123E+11,MRUMP,YZD,LMRE
RA4G2XKQJU,2.02303E+13,39692.33,5678901,Githurai 45,Nairobi,12132.22,2.54123E+11,NXQOX,VFX,XNDA
RZD46VU0FF,2.02301E+13,30768.8,8901234,Ruiru,Kiambu,54389.9,2.54123E+11,VGDYD,BAI,TQNN
RCDO2Z6UEM,2.02308E+13,16133.04,2345678,Langata,Nairobi,9057.43,2.54123E+11,UFCNC,NNZ,NKBM
R1VJRJF4JU,2.0231E+13,10276.52,6789012,Thika,Kiambu,73897.41,2.54123E+11,ZLFDH,ZUZ,CBST
R931CEPBNR,2.0231E+13,43664.55,1234567,Kilimani,Nairobi,54161.27,2.54123E+11,IDNEC,VSA,YFCS
RV0XOIF4UN,2.02309E+13,31201.7,3456789,Roysambu,Nairobi,59835.36,2.54123E+11,EVDWM,IGR,SCGO
R7DM7VO69O,2.02301E+13,28062.58,3456789,Roysambu,Nairobi,69618.99,2.54123E+11,HNRHU,HCM,YDTL
R7N454419N,2.02301E+13,79540.16,5678901,Githurai 45,Nairobi,63050.55,2.54123E+11,SSHVU,ARR,EHQO
REG07H9WIR,2.02302E+13,563.6,8901234,Ruiru,Kiambu,45879.04,2.54123E+11,JMCMZ,XMV,LFPK
R7477YTQ4R,2.02309E+13,63224.11,6789012,Thika,Kiambu,41776.81,2.54123E+11,ZMUIH,NDI,BVKV
RLDXDVIG3H,2.0231E+13,18787.89,7890123,Garden City,Nairobi,20489.6,2.54123E+11,BJAMW,IVA,PVCB
R307FJXYB8,2.02306E+13,32535.93,4567890,Juja,Kiambu,15729.98,2.54123E+11,MBVUS,DLW,VJFD
ROLNVOZDWS,2.02303E+13,45896.26,2345678,Langata,Nairobi,71595.52,2.54123E+11,UMAJA,DWR,HGIE
RHDFFS0E40,2.02304E+13,55940.67,2345678,Langata,Nairobi,50905.37,2.54123E+11,NSLVH,PAB,RGQS
REMCUBJWGW,2.0231E+13,74987.2,7890123,Garden City,Nairobi,32825.24,2.54123E+11,NEJOR,BFX,WRXB
RETAZNBVP7,2.02307E+13,35855.21,2345678,Langata,Nairobi,48142.69,2.54123E+11,AJXOR,AKZ,DUPX
RTGHFD65UC,2.0231E+13,24139.06,8901234,Ruiru,Kiambu,11877.67,2.54123E+11,HOSVW,CTX,YQMG
RHONBWNHIY,2.02312E+13,48115.66,6789012,Thika,Kiambu,59153.89,2.54123E+11,INLJE,SPS,WTDY
R4K1V7C6BX,2.02304E+13,62289.21,9012345,Kasarani,Nairobi,55913.32,2.54123E+11,WIKPQ,QCZ,AABN
RE1ZQFRSGH,2.02312E+13,40904.96,4567890,Juja,Kiambu,95864.09,2.54123E+11,POGJA,DJS,DOUY
RL4SX5E9M1,2.02309E+13,83313.47,8901234,Ruiru,Kiambu,85122.01,2.54123E+11,QGMXV,POS,APLO
RZZ9Y94488,2.02301E+13,2853.69,7890123,Garden City,Nairobi,76578.91,2.54123E+11,QORTV,ZXB,SGXF
R1OWTX31Q5,2.0231E+13,56317.17,3456789,Roysambu,Nairobi,68154.01,2.54123E+11,AZKGB,UAS,HPBF
RCCRAMKYBM,2.02306E+13,3119.2,8901234,Ruiru,Kiambu,71219.7,2.54123E+11,ALMRT,QCT,PUQP
RIC3UQ5V50,2.02312E+13,71074.68,7890123,Garden City,Nairobi,61832.1,2.54123E+11,PBZCX,MFQ,QNDD
R4AT8PFI1G,2.02302E+13,32310.13,3456789,Roysambu,Nairobi,80007.33,2.54123E+11,BTPEN,NYP,KTSD
RWZFMH131I,2.02312E+13,80489.75,9012345,Kasarani,Nairobi,70698.31,2.54123E+11,MQWRK,NWL,FYZL
RTNFVBLQHQ,2.02311E+13,86516.79,7890123,Garden City,Nairobi,2266.98,2.54123E+11,XBBMZ,CXK,XRMS
RFVF7GJTHK,2.02312E+13,19160.59,5678901,Githurai 45,Nairobi,37416.92,2.54123E+11,QAIOL,IAW,QUKT
RX7VJMA32Y,2.0231E+13,59684.47,7890123,Garden City,Nairobi,44776.33,2.54123E+11,MYOLG,TPZ,SLZH
RYG8CO0OR9,2.02306E+13,30962.63,5678901,Githurai 45,Nairobi,98369.73,2.54123E+11,VRHUO,LBJ,ULYS
R385H69JPU,2.02301E+13,77866.87,9012345,Kasarani,Nairobi,93824.3,2.54123E+11,VACWD,BJK,OEUE
RVHJHA4O4C,2.02307E+13,26340.36,8901234,Ruiru,Kiambu,36016.27,2.54123E+11,SRXSN,GSH,VPIH
RTZXGRTIP1,2.02312E+13,45509.47,9012345,Kasarani,Nairobi,74609.28,2.54123E+11,FDOIK,NTC,UVYX
RPLZCRWK91,2.02305E+13,6023.16,6789012,Thika,Kiambu,88377.14,2.54123E+11,EGCIJ,NQT,FVMD
RJG2C3O1VM,2.02306E+13,60523.04,5678901,Githurai 45,Nairobi,1583.04,2.54123E+11,AWICV,ALI,JENB
RALY352SGR,2.02304E+13,71891.9,2345678,Langata,Nairobi,25713.17,2.54123E+11,AQWXG,FLR,ZSTO
R6YGYJTJ8E,2.02306E+13,43924.37,6789012,Thika,Kiambu,66695.27,2.54123E+11,RNING,ZXG,TWFF
RM69AW7BVA,2.02312E+13,82448.83,7890123,Garden City,Nairobi,90837.36,2.54123E+11,KXXMQ,CZX,ZEWU
RBBDQAD1FA,2.02303E+13,78049.66,7890123,Garden City,Nairobi,81685.36,2.54123E+11,XFVDA,PSM,GYBT
R0W7L6CVCC,2.02311E+13,88102.42,3456789,Roysambu,Nairobi,82523.13,2.54123E+11,FPZLE,KGG,CGJN
RTP07BYPSW,2.02307E+13,31298.19,4567890,Juja,Kiambu,47297.84,2.54123E+11,YIXMR,YKN,AUFH
R62HCPUTE4,2.02306E+13,76509.93,6789012,Thika,Kiambu,43699.43,2.54123E+11,LAJNO,XFQ,EAZX
ROIEFH15Z2,2.02307E+13,5628.54,123456,Westlands,Nairobi,26049.51,2.54123E+11,ZVLMG,ERV,UYBF
R3N5MVR95S,2.02303E+13,45863.62,123456,Westlands,Nairobi,40576.02,2.54123E+11,PSFHE,KWG,QAHH
R1Y8N6Y9R5,2.02309E+13,4437.4,4567890,Juja,Kiambu,89034.79,2.54123E+11,WQFIM,JPC,FFHU
RY1PFX5SN2,2.02312E+13,24390.63,6789012,Thika,Kiambu,66674.9,2.54123E+11,EKGMV,PYE,XIQW
R1L92KZWR4,2.02301E+13,27935.12,123456,Westlands,Nairobi,61019.04,2.54123E+11,SGXLL,GBW,RIPB
RARVQLMH5Z,2.02302E+13,64051.92,3456789,Roysambu,Nairobi,38900.15,2.54123E+11,OTIEJ,KAC,RBTS
REYSLJGR2G,2.02302E+13,32177.25,7890123,Garden City,Nairobi,24396.38,2.54123E+11,USZHN,ZFG,UDTL
RZPTHA3KWK,2.0231E+13,47239.71,5678901,Githurai 45,Nairobi,56172.06,2.54123E+11,KFNYP,IUS,ZWLZ
RNSXA1LMUE,2.02302E+13,29837.84,3456789,Roysambu,Nairobi,37892.82,2.54123E+11,QYZWN,YZF,PHHV
RJ6S0WPF91,2.02312E+13,50170.78,7890123,Garden City,Nairobi,59421.59,2.54123E+11,VNUGZ,GSE,GXQG
ROX208VIYD,2.02312E+13,17021.87,2345678,Langata,Nairobi,65498.01,2.54123E+11,XXWYH,MAS,BKUV
RBRPE4EKL1,2.02305E+13,52066.49,9012345,Kasarani,Nairobi,45994.03,2.54123E+11,IIXYQ,RCJ,KMIF
RQ87MEP7ZY,2.02304E+13,12239.7,2345678,Langata,Nairobi,47533.87,2.54123E+11,JOFJI,AET,MJXL
RNW476B1WF,2.02311E+13,24673.04,4567890,Juja,Kiambu,33723.49,2.54123E+11,YSGTZ,LVS,LATZ
RIMC3ID2DY,2.02302E+13,71092,9012345,Kasarani,Nairobi,65955.85,2.54123E+11,HEXRP,BVV,BPVP
RILG1OVP5D,2.02309E+13,74613.04,7890123,Garden City,Nairobi,72128.11,2.54123E+11,GIUYG,KGE,ADUI
RK8UY8TGC7,2.02302E+13,20351.87,2345678,Langata,Nairobi,49687.05,2.54123E+11,JAWBR,AIG,KMDY
RZMWGJ24C9,2.02302E+13,77347.65,2345678,Langata,Nairobi,40462.6,2.54123E+11,GDXZR,ISI,FDAK
RFPA4OT26I,2.02303E+13,82522.66,5678901,Githurai 45,Nairobi,2578.54,2.54123E+11,YNCEP,DSX,ZYMX
RYUMSXU4AJ,2.0231E+13,33700.27,2345678,Langata,Nairobi,6742.51,2.54123E+11,ADGBZ,QOX,AMSH
RI8N25D1IE,2.02303E+13,97674.21,4567890,Juja,Kiambu,93945.28,2.54123E+11,MJSDN,NRZ,BZLA
RAGYLYMMHQ,2.02306E+13,86075.34,4567890,Juja,Kiambu,86510.37,2.54123E+11,DWTJV,VSP,UHFC
RMMXT1VYN7,2.02309E+13,349.13,5678901,Githurai 45,Nairobi,86410.03,2.54123E+11,ZYFFS,OAL,KGKT
RLYJWUONMF,2.02311E+13,34694.94,9012345,Kasarani,Nairobi,5504.86,2.54123E+11,UWNPQ,DUT,FINP
REWLMRLSYD,2.02304E+13,60229.34,5678901,Githurai 45,Nairobi,11455.25,2.54123E+11,TEFZL,JOV,QJLY
RT2BWZS0SN,2.02301E+13,62349.27,6789012,Thika,Kiambu,35566.96,2.54123E+11,VYVNM,KXZ,RIGQ
RJDM1PD0YA,2.02312E+13,34186.33,5678901,Githurai 45,Nairobi,68749.98,2.54123E+11,ZQADF,UXX,UFNJ
RA28DYCIPH,2.02312E+13,6198.43,8901234,Ruiru,Kiambu,68556.69,2.54123E+11,GWVWX,RFL,THYB
R2I8D8WBPI,2.02307E+13,70394.87,2345678,Langata,Nairobi,81182.71,2.54123E+11,VKRMS,ZEM,EXPT
RA3JM6Q7AS,2.02305E+13,63210.81,5678901,Githurai 45,Nairobi,77742.39,2.54123E+11,ALARJ,CDP,FUBL
R7IFLWT1X7,2.02302E+13,10430.07,9012345,Kasarani,Nairobi,73986.51,2.54123E+11,PKPRL,CSO,ENKX
RPEKSTAY2A,2.02306E+13,31163.66,4567890,Juja,Kiambu,37414.12,2.54123E+11,EXUIL,EYS,PFLY
RRSFBOW7G2,2.0231E+13,2908.14,3456789,Roysambu,Nairobi,75665.12,2.54123E+11,NRZRH,LCF,ARPN
RVE8TNBXWW,2.02312E+13,77560.16,1234567,Kilimani,Nairobi,23745.01,2.54123E+11,WSEGP,RZN,FMST
R7SZKRLG98,2.0231E+13,11671.08,5678901,Githurai 45,Nairobi,49554.07,2.54123E+11,RDWUS,YDS,LEZG
RYFVD54KQ7,2.02301E+13,58549.86,6789012,Thika,Kiambu,31344.54,2.54123E+11,PGIPB,NOY,UWRV
RZFU50G597,2.02311E+13,97763.31,6789012,Thika,Kiambu,63356.34,2.54123E+11,HKYKW,HJY,NBZT
RW2392H7LM,2.02307E+13,9683.54,9012345,Kasarani,Nairobi,85230.1,2.54123E+11,PJSTT,RPH,ABBR
RWI7YBRLDT,2.02305E+13,17835.8,8901234,Ruiru,Kiambu,67668.82,2.54123E+11,GEALN,PMK,GYGB
RBT8KOF8MG,2.0231E+13,26636.22,5678901,Githurai 45,Nairobi,87175.33,2.54123E+11,ZRDXM,BLZ,NEPY
RCQMFKZY9K,2.02306E+13,91417.03,5678901,Githurai 45,Nairobi,10552.89,2.54123E+11,TNPND,RRH,XDIA
RWWLK9W6CR,2.02312E+13,30945.02,123456,Westlands,Nairobi,95428.25,2.54123E+11,EXTMM,PXT,WGAN
RGDSY19N55,2.02305E+13,538.29,9012345,Kasarani,Nairobi,77658.32,2.54123E+11,BCCHZ,LMC,WRHN
RY7T0T1B6L,2.02311E+13,18873.85,4567890,Juja,Kiambu,3749.35,2.54123E+11,PDTAX,UCG,GUPY
RSQ7XBDWDE,2.02303E+13,59954.25,6789012,Thika,Kiambu,23526.04,2.54123E+11,UQXDQ,MJR,HPYA
RJUY2CQN3T,2.02305E+13,72825.36,1234567,Kilimani,Nairobi,16507.3,2.54123E+11,IZISW,MRB,OPEZ
R8DYOXTKOE,2.02311E+13,43141.66,123456,Westlands,Nairobi,16570.73,2.54123E+11,ROFQM,FCL,BCET
RM4V2HZN48,2.02309E+13,22824.49,1234567,Kilimani,Nairobi,34006.48,2.54123E+11,TCDZZ,PFY,LCDB
RXSITYZR4T,2.02303E+13,51637.91,2345678,Langata,Nairobi,42390.99,2.54123E+11,FDJFC,YGS,TECA
R5A55RVRU1,2.02302E+13,88592.12,9012345,Kasarani,Nairobi,63477.94,2.54123E+11,ZTKOE,QJZ,AEMX
ROQXJSF7YH,2.02312E+13,31046.8,2345678,Langata,Nairobi,97332.59,2.54123E+11,MQGIK,QTG,XNVB
R4PSCMSG2W,2.02312E+13,85516.94,4567890,Juja,Kiambu,66665.69,2.54123E+11,FULXD,EVF,MYCZ
RPZS815XJH,2.02308E+13,23244.46,4567890,Juja,Kiambu,62794.47,2.54123E+11,AMAFP,XZK,DKGM
RBDXE7C0E1,2.02307E+13,42471.56,5678901,Githurai 45,Nairobi,59498.66,2.54123E+11,RVJSS,TBB,HBNF
RR7ICD2J5R,2.02311E+13,74494.2,3456789,Roysambu,Nairobi,16669.09,2.54123E+11,PBZPE,PNR,YHQJ
RU3VB4JESK,2.02305E+13,58907.35,5678901,Githurai 45,Nairobi,51227.54,2.54123E+11,HCBGZ,BCD,USXI
RM966YR9V6,2.02311E+13,73097.89,2345678,Langata,Nairobi,18215.35,2.54123E+11,XRPRK,LLL,JKVQ
RWFNJDZN9A,2.0231E+13,70283.03,1234567,Kilimani,Nairobi,59677.49,2.54123E+11,BLXXP,ZEA,HVLW
RU0SDRQYKJ,2.02301E+13,21929.5,7890123,Garden City,Nairobi,49292.36,2.54123E+11,ORAWD,XJD,RTIH
RDKCKURVQC,2.02302E+13,88431.92,9012345,Kasarani,Nairobi,11497.49,2.54123E+11,BHZOX,YLJ,FCMV
RUEXID0CLB,2.02306E+13,68589.4,5678901,Githurai 45,Nairobi,56710.56,2.54123E+11,SVWEY,DNO,XPYW
RCS0CSO1GX,2.0231E+13,11475.24,3456789,Roysambu,Nairobi,48980.03,2.54123E+11,VSADS,DAE,XYNA
RD6B3VJFZ8,2.02304E+13,99772.53,2345678,Langata,Nairobi,76767.54,2.54123E+11,PWCJB,UIN,XZZL
R1LMMKN05F,2.02312E+13,49056.14,6789012,Thika,Kiambu,87041.71,2.54123E+11,MCZFH,HCG,BERP
R68JZBVD9K,2.02302E+13,38744.02,4567890,Juja,Kiambu,81883.76,2.54123E+11,MGVGC,VTW,IDJF
RMEF2W0WJ5,2.02306E+13,62314.58,9012345,Kasarani,Nairobi,23892.16,2.54123E+11,FKDGK,QNK,VSEU
RWLPNY1GRP,2.02308E+13,67433.77,123456,Westlands,Nairobi,27239.12,2.54123E+11,MDKRM,KKO,CNGN
RYQ6NXNZGE,2.02301E+13,80520.69,6789012,Thika,Kiambu,59.73,2.54123E+11,GZONK,PFK,UQTN
R8VF78L7II,2.02308E+13,13073.58,2345678,Langata,Nairobi,1460.35,2.54123E+11,MXZGB,JCK,XFND
R1ZBEOZV1H,2.02308E+13,44632.28,9012345,Kasarani,Nairobi,49688.98,2.54123E+11,GDHZR,VEW,FCHJ
RHV611JJY3,2.02309E+13,20052.78,3456789,Roysambu,Nairobi,7712.02,2.54123E+11,FQCPV,ROQ,CVCR
R0CLDIJ85K,2.0231E+13,8761.81,6789012,Thika,Kiambu,72438.73,2.54123E+11,FJJQW,OEH,GEMU
RZQM1EM14B,2.02305E+13,79371.18,6789012,Thika,Kiambu,963.67,2.54123E+11,YYTLN,YGL,PYPY
RJOAILONXY,2.02305E+13,69503.33,9012345,Kasarani,Nairobi,81658.31,2.54123E+11,EBZZN,ICK,HAGQ
R5R8ZPHU5T,2.02308E+13,51446.52,9012345,Kasarani,Nairobi,12653.75,2.54123E+11,YPZZR,LEZ,KHVA
RW9Q3W0BL1,2.02301E+13,41518.63,4567890,Juja,Kiambu,50725.81,2.54123E+11,MJWXK,IZS,QUTQ
R0XK6O9LWP,2.02302E+13,63470.23,1234567,Kilimani,Nairobi,74871.19,2.54123E+11,MSGPS,UNV,DEWW
RAI9MFYG4C,2.02304E+13,86267.56,4567890,Juja,Kiambu,88004.37,2.54123E+11,VIMPK,RRI,NPRK
RHJUM3JKY4,2.02303E+13,23637.82,7890123,Garden City,Nairobi,61188.8,2.54123E+11,QEXDZ,EET,HUSY
R7BGMBIUQO,2.02305E+13,26254.83,7890123,Garden City,Nairobi,49492.13,2.54123E+11,EKAED,OTS,DUYM
R7GQZR9GOJ,2.02305E+13,69805.3,1234567,Kilimani,Nairobi,27640.65,2.54123E+11,LEKBP,IBX,NCDA
RGRTLE5GYR,2.02308E+13,83463.81,3456789,Roysambu,Nairobi,8345.04,2.54123E+11,FXEOK,LGT,LMCM
R9UT6WBOAS,2.0231E+13,35602.81,4567890,Juja,Kiambu,15077.16,2.54123E+11,UAHXP,UBA,ADSO
RDY89BRERG,2.02301E+13,6640.88,7890123,Garden City,Nairobi,75045.68,2.54123E+11,KGOXM,EIK,KWHJ
RJER8EUXR5,2.02301E+13,14799.21,8901234,Ruiru,Kiambu,1301.4,2.54123E+11,UNHYX,QZK,NZTJ
R18T94X5YB,2.02305E+13,76220.86,5678901,Githurai 45,Nairobi,7574.76,2.54123E+11,SIQJG,WQO,XGMH
R4VYC9V0TJ,2.02304E+13,89245.11,8901234,Ruiru,Kiambu,33425.21,2.54123E+11,AJNRO,ESD,ISAF
RJW8NXGHCN,2.02311E+13,46667.29,6789012,Thika,Kiambu,16390.81,2.54123E+11,GYUVQ,IUZ,GUXN
R4PPJAEW68,2.02303E+13,47303.22,5678901,Githurai 45,Nairobi,22858.99,2.54123E+11,UTNSO,KFB,WOKI
R6XNX2VIJV,2.02309E+13,9577.06,3456789,Roysambu,Nairobi,66490.19,2.54123E+11,FBXDW,PCQ,EMHX
ROJMAV8EVQ,2.02306E+13,90768.79,4567890,Juja,Kiambu,72001.12,2.54123E+11,XYHUC,HCC,WIQH
R1NFOFG7XU,2.02312E+13,93323.87,5678901,Githurai 45,Nairobi,98826.07,2.54123E+11,LMINH,EHG,CWWC
RB3R990IQT,2.02301E+13,74150.55,123456,Westlands,Nairobi,90546.94,2.54123E+11,DOWDN,AXH,SXUR
RXMPR6BT50,2.02303E+13,79743.13,2345678,Langata,Nairobi,7484.67,2.54123E+11,UHXTH,XBX,VOZO
R4MLR5B1KV,2.02302E+13,25688.57,4567890,Juja,Kiambu,47532.75,2.54123E+11,TWQHT,QZC,XBDN
RFYY120SD9,2.02303E+13,15429.45,2345678,Langata,Nairobi,12601.05,2.54123E+11,FNBLP,EPW,KQHS
RSXM125B1Y,2.02312E+13,8682.14,1234567,Kilimani,Nairobi,99541.01,2.54123E+11,JGQSV,NJQ,ZMNR
RKOIDLAT2G,2.02301E+13,99347.85,3456789,Roysambu,Nairobi,92289.56,2.54123E+11,JZVFL,KOG,SVEV
RTYSU5MFEW,2.02306E+13,10741.83,3456789,Roysambu,Nairobi,62903.47,2.54123E+11,DKTRI,YXL,ZIDF
RM0AK1CS02,2.02305E+13,38707,2345678,Langata,Nairobi,76747.76,2.54123E+11,PUZAO,ANI,UEIW
RAVQWG5Q6S,2.02301E+13,98680.59,5678901,Githurai 45,Nairobi,80674.95,2.54123E+11,BKFVC,QMT,EZZC
RE35RXUNHO,2.02309E+13,34861.51,7890123,Garden City,Nairobi,42554.65,2.54123E+11,WQHMN,WSR,SLPP
R5WCVJ9H49,2.02306E+13,82590.84,5678901,Githurai 45,Nairobi,6960.83,2.54123E+11,JTXYR,VGE,UIXZ
RPZXY7GU2T,2.02302E+13,14403.22,4567890,Juja,Kiambu,50536.31,2.54123E+11,CCIZK,IDK,BBUF
RAQ0QI0SV8,2.02312E+13,1903.03,3456789,Roysambu,Nairobi,60438,2.54123E+11,DQYIG,VNA,KWGD
RLYQL8V8K8,2.02306E+13,95541.85,2345678,Langata,Nairobi,22170.3,2.54123E+11,NWUHR,DJY,WAKX
RMBKWEVOG3,2.0231E+13,23266.15,2345678,Langata,Nairobi,52369.78,2.54123E+11,OAUIE,VMS,TLLU
RCUPV579AG,2.0231E+13,81280.18,8901234,Ruiru,Kiambu,43329.19,2.54123E+11,WKYLC,SVC,UFXY
RLU163GZTV,2.02311E+13,78533.09,3456789,Roysambu,Nairobi,41804.51,2.54123E+11,TAPSC,TXU,JCYM
RI87J7ORHX,2.02301E+13,95570.28,123456,Westlands,Nairobi,59215.33,2.54123E+11,YLHUB,BOZ,JGSX
R4G6JZZJO4,2.02308E+13,43232.84,1234567,Kilimani,Nairobi,24410.6,2.54123E+11,AXTLS,FUR,PPJZ
RQXU41SDSH,2.02301E+13,8279.51,6789012,Thika,Kiambu,48802.61,2.54123E+11,YIAXC,PDQ,WDIU
RESQP3T35W,2.02303E+13,37835.87,3456789,Roysambu,Nairobi,95176.21,2.54123E+11,MMSNT,CPI,IJBR
RM2FYXL5TR,2.02312E+13,18845.36,8901234,Ruiru,Kiambu,1405.65,2.54123E+11,DBLCL,MEI,DGLD
R3DJIQWAVN,2.02306E+13,82571.52,6789012,Thika,Kiambu,20716.16,2.54123E+11,ONIUA,LSY,XIWZ
RELP2M954U,2.02308E+13,81373.55,9012345,Kasarani,Nairobi,41986.96,2.54123E+11,YGFYU,ZTE,UVLW
REJCDOB77C,2.02302E+13,81738.45,9012345,Kasarani,Nairobi,32055.29,2.54123E+11,EUNXE,UNQ,IBFP
RZ9FJP2RV3,2.02307E+13,36139.15,6789012,Thika,Kiambu,86165.31,2.54123E+11,RPMKF,VJZ,ERAW
RCL3U1Y172,2.02309E+13,43815.15,3456789,Roysambu,Nairobi,7332.27,2.54123E+11,UCVOS,TWA,BAPW
RHVIFT2QP4,2.02304E+13,69366.19,123456,Westlands,Nairobi,12143.4,2.54123E+11,FFSZE,EIT,QGIK
RSIHOV7Z3A,2.02311E+13,44563.73,3456789,Roysambu,Nairobi,9190.05,2.54123E+11,BVYEZ,QEF,SMPR
RXKTG6FWFP,2.02302E+13,53375.24,9012345,Kasarani,Nairobi,34232.61,2.54123E+11,KHBJR,XWB,AJMK
R22OBZH5KL,2.02303E+13,65294.18,2345678,Langata,Nairobi,91996.4,2.54123E+11,QHQVS,AAB,GKON
R5EXRJEJ87,2.02302E+13,40809.08,6789012,Thika,Kiambu,38256,2.54123E+11,TNMMB,WNN,EEWT
RGC78BFNVQ,2.02304E+13,52545.94,2345678,Langata,Nairobi,67191.06,2.54123E+11,VZNYW,DXN,IKWY
RMB07ATK5F,2.02308E+13,72059.26,9012345,Kasarani,Nairobi,58527.49,2.54123E+11,IOCNS,RRN,LVRX
RDTC0N4CW6,2.02308E+13,42268.8,7890123,Garden City,Nairobi,27347.56,2.54123E+11,EDOYI,YIO,QBEH
RISNMSKXIE,2.02312E+13,85690.13,2345678,Langata,Nairobi,60938.29,2.54123E+11,KOONV,ADK,UDVM
RAZJ0A3KI6,2.02303E+13,99874.86,9012345,Kasarani,Nairobi,47475.83,2.54123E+11,AYSDL,TIV,MFRD
R9IYUAGZST,2.02308E+13,79166.07,6789012,Thika,Kiambu,31213.36,2.54123E+11,BRBCG,KMP,VMBD
RNDVB91XZ5,2.02303E+13,20969.31,123456,Westlands,Nairobi,41803.76,2.54123E+11,YHPBA,IPD,PXYQ
RHU7ZI2DME,2.02307E+13,73703.85,3456789,Roysambu,Nairobi,98092.6,2.54123E+11,OACBI,EYJ,RBRD
RGJOD8NLUO,2.02302E+13,61335.11,5678901,Githurai 45,Nairobi,36694.46,2.54123E+11,GHZXX,LRR,FTXO
RI0AWSBGG5,2.02312E+13,26548.46,4567890,Juja,Kiambu,49974.45,2.54123E+11,DVJAR,DKI,GZSC
R6Y3BMOCJF,2.0231E+13,36555.84,5678901,Githurai 45,Nairobi,69984.83,2.54123E+11,HRZNQ,OMF,WXFH
RQO1HVSLXT,2.02303E+13,70965.56,2345678,Langata,Nairobi,21778.32,2.54123E+11,XWUBV,HST,WZRJ
R08UDNNP9V,2.02311E+13,34987.48,1234567,Kilimani,Nairobi,85310.5,2.54123E+11,FFXRW,ZGE,AKAM
RUKCF529RH,2.02301E+13,6299.77,1234567,Kilimani,Nairobi,44502.57,2.54123E+11,XXRCD,GZW,IJBJ
RH843TELVO,2.02302E+13,13416.07,4567890,Juja,Kiambu,9585.22,2.54123E+11,LSZGK,ZHT,RSUC
R556Y91UTX,2.02301E+13,81697.43,6789012,Thika,Kiambu,31303.51,2.54123E+11,XUEGJ,BDC,MWKK
RL11BALG1A,2.02302E+13,33515.29,6789012,Thika,Kiambu,74772.66,2.54123E+11,PFHQF,DGN,VATO
RQVAAXUCZ3,2.02304E+13,46942.57,6789012,Thika,Kiambu,79456.67,2.54123E+11,QHEFY,HLB,KLYN
R7RN8U1T0F,2.02307E+13,92947.44,123456,Westlands,Nairobi,80298.85,2.54123E+11,JJDHQ,WHP,IEWJ
RWU6CDH8NZ,2.0231E+13,48208.81,9012345,Kasarani,Nairobi,28706.96,2.54123E+11,QZSYD,DVF,NWZI
RTNG1JH0M3,2.02303E+13,71750.64,9012345,Kasarani,Nairobi,85828.82,2.54123E+11,ETJMA,YQY,YGCH
R6VYDTVTJR,2.02301E+13,54293.39,123456,Westlands,Nairobi,20275.71,2.54123E+11,DWGSD,UHY,BOFY
RFIYZ79703,2.02311E+13,17533.03,3456789,Roysambu,Nairobi,25341.56,2.54123E+11,EDFIH,UBP,XNCL
RD9KYTJQO8,2.02304E+13,62858.57,9012345,Kasarani,Nairobi,56370.48,2.54123E+11,MTGMV,RIJ,BZSE
RVPVQ0478B,2.02306E+13,39508.75,8901234,Ruiru,Kiambu,86334.27,2.54123E+11,SPKYX,JWQ,SZOC
RIXH0F6CUQ,2.0231E+13,16032.51,6789012,Thika,Kiambu,99261.55,2.54123E+11,VLDTC,XZL,NPLM
R5PYVZHMCC,2.02309E+13,46306.69,5678901,Githurai 45,Nairobi,11962.27,2.54123E+11,KYNGT,RKI,VVTH
RWWBB22MSY,2.02308E+13,65664.94,6789012,Thika,Kiambu,88349.57,2.54123E+11,HBJOZ,NMT,ASPG
RYGFKJXQ9X,2.02312E+13,92286.34,1234567,Kilimani,Nairobi,17126.39,2.54123E+11,VHDSV,QDN,GWGM
RV9KKSFASY,2.02304E+13,19406.07,9012345,Kasarani,Nairobi,22412.27,2.54123E+11,VRBZA,ETZ,IRVW
RLZBDLG2SY,2.02302E+13,98810.06,7890123,Garden City,Nairobi,32161.59,2.54123E+11,BDNEH,TFM,UUWY
R5ZTAFCLJ2,2.0231E+13,31715.02,7890123,Garden City,Nairobi,17819.79,2.54123E+11,SUVSM,BSN,VOCV
REVRI1J3XK,2.02304E+13,12609.99,3456789,Roysambu,Nairobi,26393.59,2.54123E+11,DPCSH,NYZ,HIOZ
R0FRMTSI1F,2.02306E+13,19580.28,123456,Westlands,Nairobi,68325.57,2.54123E+11,IPKKK,GAW,JEOL
R06FMP95CW,2.02303E+13,39264.14,9012345,Kasarani,Nairobi,46039.06,2.54123E+11,FBPTQ,JKJ,XVWG
RQGWSB5KRG,2.02308E+13,28571.92,3456789,Roysambu,Nairobi,27921.8,2.54123E+11,HOQJL,OYA,OGEV
RD09ZJ8AWS,2.02308E+13,86811.72,6789012,Thika,Kiambu,80180.78,2.54123E+11,RKZBM,DRD,KFUU
RQFTS3GIVU,2.02309E+13,82053.8,2345678,Langata,Nairobi,6808.09,2.54123E+11,HMCTI,JBK,AANN
RKI5B5MKWR,2.02308E+13,6100.62,3456789,Roysambu,Nairobi,89391.87,2.54123E+11,CFROP,TUH,KZWB
RM9IH4H96F,2.02303E+13,26774.8,6789012,Thika,Kiambu,66169.84,2.54123E+11,INVKT,IGY,ZTHO
RC6U6T0JNV,2.02308E+13,36417.89,6789012,Thika,Kiambu,71324.05,2.54123E+11,TGJPR,MYR,QUKF
R6DEDU1IGD,2.02306E+13,78483.01,4567890,Juja,Kiambu,2373.45,2.54123E+11,PBKDS,ULZ,VUVK
RTXXWD0ARI,2.02312E+13,18398.19,4567890,Juja,Kiambu,96534.61,2.54123E+11,SPLHH,PSA,QIQW
R41R5ZOZQV,2.02309E+13,90127.34,7890123,Garden City,Nairobi,99569.07,2.54123E+11,LPPWF,KUO,LGBD
RHOP6QIE8B,2.02307E+13,48584.33,7890123,Garden City,Nairobi,16718.43,2.54123E+11,BIHSL,ABC,KPMJ
R7OIJQGVWD,2.02311E+13,1689.77,4567890,Juja,Kiambu,57302.63,2.54123E+11,SVIWS,QJA,CCQG
RF8BW4TH2O,2.02301E+13,42712.04,5678901,Githurai 45,Nairobi,83768.35,2.54123E+11,DHTND,CSX,SMKZ
RN3MA19S3Y,2.02308E+13,16724.86,1234567,Kilimani,Nairobi,91606.51,2.54123E+11,XFHXI,UAH,RVLP
RAGQD50QVH,2.02309E+13,46774.65,3456789,Roysambu,Nairobi,3877.16,2.54123E+11,NHPEC,JSM,THFB
R7Y1JTHI85,2.0231E+13,65012.48,123456,Westlands,Nairobi,11861.47,2.54123E+11,UGFRJ,HPQ,NERD
RPHPJBBF4E,2.02305E+13,27396.96,6789012,Thika,Kiambu,13685.53,2.54123E+11,MJVNZ,CMT,XMFD
RHKM77H3M9,2.02308E+13,47629.53,7890123,Garden City,Nairobi,73435.43,2.54123E+11,KOPBV,OJK,NXLO
R4A9V35GQA,2.02312E+13,76235.02,2345678,Langata,Nairobi,37572.85,2.54123E+11,DVYMK,JSY,QZIR
R1OX4MFRHJ,2.02302E+13,63130.21,1234567,Kilimani,Nairobi,15058.88,2.54123E+11,IGLLX,FBZ,RJHY
RYWJXRLQ1D,2.02301E+13,56149.57,3456789,Roysambu,Nairobi,44708.84,2.54123E+11,PYQKX,SUC,MJYB
RVY6SQYNX5,2.02302E+13,67909,5678901,Githurai 45,Nairobi,45807.13,2.54123E+11,VRWQV,CLG,ZHQJ
RSLIWIH7TU,2.02302E+13,65442.34,5678901,Githurai 45,Nairobi,84060.49,2.54123E+11,XVALY,BOJ,JUUP
RRUBMQ5F27,2.02306E+13,55941.29,3456789,Roysambu,Nairobi,9248.22,2.54123E+11,TFBRM,RUG,PAKG
R39RK6B58K,2.02311E+13,12452.5,5678901,Githurai 45,Nairobi,57675.1,2.54123E+11,TGJRC,KDE,AYBJ
RJW2EHK7CH,2.02307E+13,71806.39,1234567,Kilimani,Nairobi,49989.99,2.54123E+11,ZSIEM,VOS,RGCF
RGR739LRYP,2.02306E+13,75978.81,7890123,Garden City,Nairobi,29032.96,2.54123E+11,ORSTQ,PCZ,OQHB
RLDDE7NE6U,2.02307E+13,24488.61,123456,Westlands,Nairobi,47284.58,2.54123E+11,WNQAL,EJX,QZMT
R2X5RO1DI2,2.02311E+13,15720.09,2345678,Langata,Nairobi,30892.11,2.54123E+11,XSINK,APA,TXLW
RPP3KQG6AQ,2.02309E+13,60786.09,2345678,Langata,Nairobi,86653.42,2.54123E+11,MIRLP,SDW,DIHF
R1XAI35QPB,2.02309E+13,51211.85,8901234,Ruiru,Kiambu,45791.36,2.54123E+11,CJCEI,WYP,LXPZ
REITRII1PU,2.02309E+13,22458.47,5678901,Githurai 45,Nairobi,61617.84,2.54123E+11,MDFQN,QMS,VTIZ
R0TXBPZ3WH,2.02308E+13,64038.27,1234567,Kilimani,Nairobi,732.99,2.54123E+11,FIJHC,ZZK,TAXM
